,Initail hashtag
0,risetogether
1,marchmadness
2,beststeakhousehandsdown
3,historic
4,str8up
5,detroitbasketball
6,ripnipthegreat
7,risetogether
8,airforce1
9,glorytogod
10,detroitbasketball
11,golddontquit
12,retirement
13,menhaveskintoo
14,tmc
15,tgbtg
16,happyeaster
17,holdat
18,legacy
19,unfinishedbusiness
20,ripcity
21,repost
22,tbt
23,puremagic
24,dame5
25,nbaplayoffs
26,gameday
27,spurs
28,gobeyond
29,theresurgence
30,teamcarroll
31,bravesareback
32,shesaidyes
33,spursnation
34,icc2019
35,ripcity
36,madukes
37,thisisyourtime
38,gobucks
39,fournierforreal
40,20onpump2
41,happynationalsiblingsday
42,lovethisgame
43,thedragon
44,itsabouttobecrazy
45,gorguidiengfoundation
46,finalfour
47,sacramentoproud
48,ianmahinmicamp
49,neverwouldhavemadeit
50,riphussleman
51,repost
52,schwaaaaag
53,nbagreen
54,teaguetuesdays
55,wethenorth
56,onelastdance
57,autismawareness
58,ballislife
59,jortszn
60,nbase
61,longlivenip
62,southdadetoyota
63,teamjbl
64,unleashthemanimal
65,winginitmonday
66,bigfacts
67,frenchsavage
68,60wins
69,ad
70,13yearsandout
71,madrid
72,jamesgang
73,mbahamoute
74,drosedoc
75,iguazufalls
76,dubai
77,playoffs
78,happynationalsiblingsday
79,playoffpush
80,grindcity
81,onlyupfromhere
82,ruinthegame
83,tbt
84,fearthedeer
85,ride4nipsey
86,6
87,fearthedeer
88,headbandgang
89,bextraordinary
90,giannaisabellaacy
91,hoopchella
92,togetherwearebetter
93,nbaplayoffs
94,ontothenextone
95,howhungryareyou
96,biggerhome
97,washingtonwine
98,ad
99,salute
100,littletikesballers
101,kfcbattle
102,nextup
103,travel
104,og
105,ad
106,carolinafamily
107,lovelife
108,nbaplayoffs2019
109,realworks
110,bingo
111,trutoatl
112,5thmaster
113,farouqisonfire
114,gameday
115,ownit
116,nbaplayoffs
117,girbauds
118,prayformozambique
119,sretnanovagodina
120,availableattarget
121,marathoncontinues
122,iwwtr
123,nbatwitterlive
124,onelastdance
125,thegamelovesyou
126,sharkmentality
127,playoffsbaby
128,damegoose
129,clippers
130,madebygoogle
131,humbleandhungry
132,plantbasedlife
133,everyday
134,playoffs
135,dictatorerdogan
136,w
137,ad
138,nba
139,clinched
140,unleaded
141,thebrotherhood
142,iputthatonnip
143,fbf
144,gdfxmatter
145,teamvasquez
146,gameday
147,princesscamille
148,gonnaloveme
149,thatslowgrind
150,staythecourse
151,earthday
152,patienceiskey
153,repost
154,luvumama
155,teamprogressiondaily
156,dubnation
157,nhnip
158,toyota
159,ad
160,runasone
161,winginit
162,resteasynip
163,euroleague
164,bextraordinary
165,cobraconnect
166,court
167,themarathoncontinues
168,africanprinces
169,repost
170,wherestiago
171,polandfinnest
172,gospursgo
173,gng
174,damnthatboiicold
175,wewill
176,rollinparadise
177,nbaplayoffs
178,tbt
179,ad
180,repost
181,unbm
182,unitymakesamericagreat
183,game3
184,mafuzzychef
185,5minutesfromhome
186,littletikes
187,streetball
188,damarisavile
189,bridge
190,onelastdance
191,sponsored
192,carolinaszn
193,crosty
194,finalfour
195,ad
196,tbt
197,everybodyeats
198,nbatv
199,reform
200,onelastdance
201,menhaveskintoo
202,ripcity
203,atuttomotore
204,lockedin
205,nbaplayoffs
206,grinddaily
207,onegoal
208,nationalpetday
209,puremagic
210,50winseason
211,indybound
212,overachievingh2o
213,nba
214,heisrisen
215,nbagreens
216,chunkzzz
217,jerebko
218,woke
219,onelastdance
220,lovemebeforetheyalldo
221,twotimecoachoftheyear
222,blessed
223,snake
224,striveforgreatness
225,lucmbahamoute
226,restinpeace
227,atlantis
228,legends
229,basketball
230,goat
231,firstlook
232,ripnipsey
233,veryhungry
234,letsgo
235,наставник
236,badboysforlife
237,spurs
238,brotherhood
239,staytuned
240,nbachamp
241,ad
242,family
243,goat
244,riprip
245,playoffpush
246,tmc
247,whitetallt
248,babayaro
249,sponsoredobviously
250,blessed
251,boozerbasketballcamp
252,respect
253,brotherhood
254,liningfamily
255,gameday
256,kicksoncourt
257,goclippers
258,ad
259,dc2
260,srswagdaddy
261,suprsnation
262,nbaplayoffs
263,bucks
264,94
265,washthewindows
266,wassupderboayyyy
267,game4
268,powerofthepack
269,antwanelfutbolista
270,purpletalk
271,7yearsyoung
272,wegiveyoulife
273,linstanation
274,tbt
275,nbaplayoffs
276,marathoncontinues
277,tundra
278,alhamdulillah
279,dametime
280,themarathoncontinues
281,nba
282,blue
283,longlivenip
284,hardworkpaysoff
285,srilanka
286,youarewelcome
287,vacation
288,nbaplayoffs
289,morethananathlete
290,yeaaaap
291,spanishfamily
292,10
293,nbaplayoffs
294,tmc
295,sprinterthefilm
296,gospursgo
297,kawhi
298,lifemode
299,sponsored
300,vk
301,mbusacollection
302,graciasmanu
303,l3gacy
304,huluhaslivesports
305,marchmadness
306,detroitbasketball
307,nextgeneration
308,teamjbl
309,charlotte
310,3
311,thestarters
312,sunday
313,biggerthanbasketball
314,marathonmentality
315,nbakicks
316,laourway
317,wethenorth
318,fatherandson
319,blessedbeyondmeasure
320,hardworkpaysoff
321,blazersnation
322,ap
323,bigshot
324,bigmood
325,game3
326,essentianation
327,mimejorversion
328,sactown
329,literally
330,threeinarow
331,fatherandson
332,keepthatsameenergy
333,heydayadvertising
334,tmc
335,linkinbio
336,kj2fly
337,reptiles
338,thekidfromakron
339,laclippers
340,pooh
341,plane
342,letsmoveforabetterworld
343,salute
344,lafamilia
345,footwork
346,classof2030
347,blessed
348,newposter
349,22
350,avecclasse
351,dubnation
352,конкурс
353,ad
354,family
355,blessed
356,hulusellouts
357,legend
358,GoDucks
359,ButterDunks
360,RiseTogether
361,RiseTogether
362,RiseTogether
363,RiseTogether
364,________‰∫
365,________‰∫
366,________‰∫
367,InternationalWomensDay
368,InternationalWomensDay
369,4TheLoveOfTheGame
370,4TheLoveOfTheGame
371,tbt
372,DetroitBasketball
373,Jumia
374,PG13
375,PG13
376,NBAPlayoffs
377,OWNIT
378,TeamTolliver
379,OWNIT
380,Reyer
381,beastmode
382,beastmode
383,Blessings
384,retirement
385,BradleyBeal
386,Zalgiris
387,Zalgiris
388,PureMagic
389,BoilerUp
390,HOLDAT
391,STAYME7O
392,NBAPlayoffs
393,NBATwitterLive
394,TrustTheProcess
395,ThankYouChr1s
396,Brotherhood
397,ripcity
398,MTNDEWICE
399,BuzzCity
400,SicEm
401,CJ6
402,Dame5
403,GoClippers
404,GoClippers
405,WeTheNorth
406,WeTheNorth
407,doitBIG
408,doitBIG
409,doitBIG
410,LaMareaRoja
411,Spurs
412,TheResurgence
413,EVERYDAY
414,EVERYDAY
415,throwback
416,throwback
417,np
418,SpursNation
419,TrophyGame
420,Big12MBB
421,Big12MBB
422,OneLastDance
423,Ekpesbookclub
424,GB
425,Success
426,Success
427,Big12MBB
428,Big12MBB
429,OneLastDance
430,Ekpesbookclub
431,GB
432,Success
433,Success
434,RipCity
435,FearTheDeer
436,getBETTER
437,getBETTER
438,BoilerUp
439,FournierForReal
440,GoBucks
441,GoBucks
442,GeauxTigers
443,BuzzCity
444,huluhaslivesports
445,WreckEm
446,dragon
447,ItsAboutToBeCrazy
448,gorguidiengfoundation
449,gorguidiengfoundation
450,gorguidiengfoundation
451,FinalFour
452,SacramentoProud
453,RunAsOne
454,Racernation
455,ThatSLOWgrind
456,ThatSLOWgrind
457,Repost
458,FIBAEuropeCup
459,hescold
460,THWND
461,HereTheyCome
462,Gemini
463,AllStar
464,NBAPlayoffs
465,Pelicans
466,TheBounce
467,ATTUntoldStories
468,ad
469,thereason
470,thereason
471,thereason
472,thereason
473,7DAYSMagicMoment
474,ResurrectionSunday
475,HeIsRisen
476,RedEye
477,RedEye
478,RedEye
479,autismawareness
480,NeverEnough
481,TheShowMustGoOn
482,NBACommunityAssist
483,NBAse
484,NBAse
485,NBAse
486,NBAse
487,NBAse
488,EarthDay
489,birthday
490,RipCity
491,2WayPlayer
492,2WayPlayer
493,MarchMadness
494,ad
495,ad
496,UnleashTheManimal
497,WingingItPod
498,WingingItPod
499,NBATwitterLive
500,ThBoardroom
501,ATTSlamDunk
502,frenchsavage
503,Wizenard
504,nba
505,MeetDay
506,LGKicks
507,BeepBeep
508,TheShopHBO
509,TheShopHBO
510,LilLou
511,LAClippers
512,LAClippers
513,GoSpursGo
514,WeTheNorth
515,NBAPlayoffs
516,GoSpursGo
517,bootup
518,DubNation
519,WinningStartsAtTheTop
520,GoSpursGo
521,RipCity
522,gamedayfocus
523,Rockets
524,OneLastDance
525,paobc
526,MostHated
527,BuzzCity
528,BuzzCity
529,FearTheDeer
530,NBAAllStar
531,NBAAllStar
532,TeamCole
533,TeamCole
534,TeamCole
535,Underground
536,drivingschool
537,GoSpursGo
538,FearTheDeer
539,LongLiveNipsey
540,YoungAustinAcy
541,IversonWeek
542,tunnelvision
543,tunnelvision
544,tunnelvision
545,tunnelvision
546,tunnelvision
547,DayofSilence
548,TheGrindIsReal
549,DialedIn
550,TeamIsEverything
551,BoilerUp
552,IdentityCrisis2019
553,uncommon
554,FREE
555,rocfam
556,ontothenextone
557,Rockets
558,OneLastDance
559,paobc
560,MostHated
561,BuzzCity
562,BuzzCity
563,FearTheDeer
564,NBAAllStar
565,NBAAllStar
566,TeamCole
567,TeamCole
568,TeamCole
569,Underground
570,drivingschool
571,GoSpursGo
572,FearTheDeer
573,LongLiveNipsey
574,YoungAustinAcy
575,IversonWeek
576,tunnelvision
577,tunnelvision
578,tunnelvision
579,tunnelvision
580,tunnelvision
581,DayofSilence
582,TheGrindIsReal
583,DialedIn
584,TeamIsEverything
585,BoilerUp
586,IdentityCrisis2019
587,ScoDucks
588,PureMagic
589,CUsRise
590,CUsRise
591,CUsRise
592,CUsRise
593,WE
594,WE
595,WE
596,NBAGLeague
597,NBAGLeague
598,WatchYourHead
599,WatchYourHead
600,Repost
601,NBA
602,ZerotoIPO
603,Rachel
604,Rachel
605,EXCLUSIVE
606,hornets
607,iJnip
608,hornets
609,NewZealand
610,finishstrong
611,finishstrong
612,NBAAllStar
613,tooold
614,NBACommunityAssist
615,GameON
616,GameON
617,quote
618,MarchMadness
619,NBATwitterLive
620,BiggerThanBasketball
621,GameTime
622,fashion
623,Dirk
624,LIVE
625,OneLastDance
626,DawgPound
627,bff
628,CHAatTOR
629,TTT
630,120Challenge
631,NBAAllStar
632,NBAPlayoffs
633,NBAPlayoffs
634,MtnDew3PT
635,MtnDew3PT
636,BBN
637,BBN
638,BBN
639,gobluedevils
640,LaughsForLupus
641,NBAPlayoffs
642,SrSwagDaddy
643,SrSwagDaddy
644,NBAFinals
645,NBAFinals
646,SoundCloud
647,Playoffs2019
648,LONGLIVENIP
649,DCFamily
650,DCFamily
651,onelastdance
652,MalcolmX
653,EPE
654,Motivation
655,Motivation
656,DCFamily
657,DCFamily
658,onelastdance
659,MalcolmX
660,EPE
661,Motivation
662,Motivation
663,Blazers
664,straightbucket
665,Hokies
666,Hokies
667,MarchMadness
668,EvanFournierAcademy
669,RipCity
670,RipCity
671,BradleyBeal
672,Hornets30
673,NBAAllStar
674,4To1
675,mvp
676,CUsRise
677,GDFxMATTER
678,GDFxMATTER
679,GDFxMATTER
680,Blessed
681,HeIsRisen
682,piecedelafoutupie
683,Patriots
684,MileHighBasketball
685,MileHighBasketball
686,birchwater
687,SacramentoProud
688,respect
689,BetterEveryDay
690,NBAPlayoffs
691,FacebookDown
692,realone
693,10TV
694,doitBIG
695,Repost
696,Afloat
697,flashbackfriday
698,yallaherzliya
699,yallaherzliya
700,yallaherzliya
701,yallaherzliya
702,LigaEndesa
703,BringTheStorm
704,thelonelymaster
705,SundayNightBaseball
706,SundayNightBaseball
707,SundayNightBaseball
708,cookiemonsterchip
709,istanbul
710,GoBolts
711,BradleyBeal
712,dubnation
713,dubnation
714,dubnation
715,dubnation
716,dubnation
717,TiempoDePlayOffs
718,midcitysmiles
719,ripcity
720,WeAreGR
721,WeAreGR
722,OneLastDance
723,StateFarmSaturday
724,StateFarmSaturday
725,Rockets
726,2c57
727,2c57
728,TheStarters
729,RichPaul
730,StreetballAintDead
731,CopaACB
732,MambaMentality
733,friday
734,DRoseDoc
735,LGQuotes
736,MinasStorm
737,LeBronWatch
738,LeBronWatch
739,Playoff
740,Lembo
741,Lembo
742,JakobPoeltl
743,thankyoumemphis
744,GortatTeam
745,NBAPlayoffs
746,LSU
747,TMS
748,Bullshit
749,GloryDays
750,ILL
751,GNG
752,GLeagueFinals
753,WeTheNorth
754,mvp
755,ColdAsBalls
756,justdoit
757,justdoit
758,LaFamilia
759,PureMagic
760,PureMagic
761,ColeBlooded30
762,ColeBlooded30
763,ColeBlooded30
764,6Man
765,MarchMadness
766,CoffeeGang
767,GoSpursGo
768,GoDogs
769,BaylorFamily
770,Gameover
771,GoSpursGo
772,GoSpursGo
773,GoSpursGo
774,GoSpursGo
775,GoSpursGo
776,LGBTQ
777,Pensacola
778,NBAAllStar2019
779,takenote
780,Purdue
781,HeroesInCrisis
782,NBAPlayoffs
783,Easter
784,ripnipsey
785,takenote
786,GLeagueFinals
787,WeTheNorth
788,mvp
789,ColdAsBalls
790,justdoit
791,justdoit
792,LaFamilia
793,PureMagic
794,PureMagic
795,ColeBlooded30
796,ColeBlooded30
797,ColeBlooded30
798,6Man
799,MarchMadness
800,CoffeeGang
801,GoSpursGo
802,GoDogs
803,BaylorFamily
804,Gameover
805,GoSpursGo
806,GoSpursGo
807,GoSpursGo
808,GoSpursGo
809,GoSpursGo
810,LGBTQ
811,Pensacola
812,NBAAllStar2019
813,takenote
814,Purdue
815,HeroesInCrisis
816,whereiroot
817,DunkContest
818,GatorNation
819,GatorNation
820,GatorNation
821,GatorNation
822,B___
823,B___
824,B___
825,LDLCASVEL
826,LDLCASVEL
827,Art
828,Art
829,ThisIsMyHouse
830,Peace
831,ToniMorrison
832,PoseOff
833,PoseOff
834,freeagency
835,DameDolla
836,bigblanket
837,DameDolla
838,TERRORISM
839,friday
840,friday
841,RDC
842,seatheworld
843,NBACOMMUNITYASSIST
844,SuperBowl2019
845,SuperBowl2019
846,teamwork
847,Elite8
848,ad
849,OneLastDance
850,NBAAllStar
851,NewProfilePic
852,MFFL
853,SXSW
854,ad
855,RipCity
856,literacy
857,Hornets30
858,YoungHoopers
859,Pacers
860,DameGoose
861,ClipperNation
862,ClipperNation
863,NBAAllStar
864,NBAAllStar
865,uncommon
866,uncommon
867,uncommon
868,MakeYourMark
869,MambaMentality
870,TeamAria
871,TeamCarroll
872,TeamCarroll
873,FCBB
874,FCBB
875,WeDieHard
876,CoffeeGang
877,TMC
878,Wizards
879,Wizards
880,BraidWade
881,EkpesBookClub
882,GGG
883,MentalHealth
884,MentalHealth
885,Wizards
886,Wizards
887,BraidWade
888,EkpesBookClub
889,GGG
890,MentalHealth
891,MentalHealth
892,NBAPlayoffs
893,w
894,HokieNation
895,HokieNation
896,Purdue
897,PureMagic
898,Team120
899,Team120
900,NBACommunityAssist
901,SASatCHA
902,TeamGiannis
903,MarchMadness
904,allstar
905,FBF
906,Idai
907,Idai
908,Idai
909,MyJourney
910,OneLastDance
911,Scores
912,Pause
913,TougherTogether
914,TougherTogether
915,PuertoRico
916,VamosCanarias
917,TBT
918,AllForSAMford
919,NBA
920,InstagramDown
921,finishit
922,BHM
923,Pelican
924,BearDown
925,YR
926,blackhistorymonth
927,great
928,great
929,great
930,great
931,BirlikteG√º√ßl√ºy√ºz
932,selfimprovement
933,BYU
934,TakeItBack
935,TakeItBack
936,TakeItBack
937,WorldAutismAwarenessDay
938,Fenerbahce
939,AllForGirls
940,DCFamily
941,nbaplayoffs
942,nbaplayoffs
943,nbaplayoffs
944,nbaplayoffs
945,nbaplayoffs
946,FearTheDeer
947,midcity
948,had≈æomoj
949,NBAGLeague
950,NBAGLeague
951,Ad
952,ThisIsYourTime
953,ThisIsYourTime
954,RunAsOne
955,OldDominionHAIL
956,OldDominionHAIL
957,4bearcat
958,AlaskaFlyBy
959,PaintThePark
960,EuroLeague
961,ObsessedWithBetter
962,NBA
963,TMC
964,DetroitBasketball
965,Playoffs
966,MillionDollarMile
967,MillionDollarMile
968,Greateffort
969,lucmbahamoute
970,lucmbahamoute
971,Fan
972,ChildrenUprooted
973,NBA
974,EuroBasket
975,HappyEaster
976,blessed
977,NuglMagazine
978,NCAATournament
979,illini
980,NBA
981,AirJordan
982,Edmonton
983,InsiderTheSeries
984,YouDontLookLikeThisInPerson
985,LDLCASVEL
986,LDLCASVEL
987,TeamGiannis
988,ForzaJuve
989,ForzaJuve
990,DaytonOH
991,DaytonOH
992,DaytonOH
993,HeAintWrong
994,thunderup
995,WorldGotGame
996,NBAPlayoffs
997,NBAAllStar
998,SCtop10
999,RIP
1000,hoopchella
1001,hoopchella
1002,hoopchella
1003,hoopchella
1004,hoopchella
1005,WhoMir
1006,Hawkeyes4Life
1007,detroitautoshow
1008,ontothenextone
1009,justdoit
1010,MoreKlayInIngmarBergmanMoviesPlease
1011,JrNBAIreland
1012,NewProfilePic
1013,GraciaManu
1014,nurkic
1015,AirJordan
1016,Edmonton
1017,InsiderTheSeries
1018,YouDontLookLikeThisInPerson
1019,LDLCASVEL
1020,LDLCASVEL
1021,TeamGiannis
1022,ForzaJuve
1023,ForzaJuve
1024,DaytonOH
1025,DaytonOH
1026,DaytonOH
1027,HeAintWrong
1028,thunderup
1029,WorldGotGame
1030,NBAPlayoffs
1031,NBAAllStar
1032,SCtop10
1033,RIP
1034,hoopchella
1035,hoopchella
1036,hoopchella
1037,hoopchella
1038,hoopchella
1039,WhoMir
1040,Hawkeyes4Life
1041,detroitautoshow
1042,ontothenextone
1043,justdoit
1044,MoreKlayInIngmarBergmanMoviesPlease
1045,TrueToTheBlue
1046,HowYouLobsterfest
1047,GatorsHoop
1048,GatorsHoop
1049,GatorsHoop
1050,GatorsHoop
1051,AHEAD
1052,AHEAD
1053,AHEAD
1054,LeadersCup
1055,LeadersCup
1056,2pacVoice
1057,2pacVoice
1058,SuperBowlNaESPN
1059,NBAPlayoffs
1060,WhenIGrowUp
1061,StrangerThings3
1062,StrangerThings3
1063,chillchill
1064,CHARLOTTE
1065,TGBTG
1066,CHARLOTTE
1067,SmoothCriminal
1068,Slovenia
1069,Slovenia
1070,CongoOnTheRise
1071,NespressoTalents
1072,NBACommunityassist
1073,ManoKomanda
1074,ManoKomanda
1075,lvcouncil
1076,Milwaukee414
1077,PoseOff
1078,DESUSandMERO
1079,Repost
1080,k
1081,STAYME7O
1082,HMkids
1083,BiggerThanBasketball
1084,NBAPlayoffs
1085,PowerItForward
1086,NBAAllStar
1087,WFinalFour
1088,NBAPlayoffs
1089,FeelNoLimits
1090,ATuttoMotore
1091,ATuttoMotore
1092,GameDay
1093,GameDay
1094,leadership
1095,leadership
1096,leadership
1097,FollowFriday
1098,CourtsideCertified
1099,DubNation
1100,THANKYOU
1101,THANKYOU
1102,DerrickWilliams
1103,DerrickWilliams
1104,AquilaBasket
1105,GoSpursGo
1106,LiveOnTheCourt
1107,snubbed
1108,snubbed
1109,SpotlightOnSunday
1110,AuthorsTalk
1111,SF
1112,Inspired
1113,Inspired
1114,snubbed
1115,snubbed
1116,SpotlightOnSunday
1117,AuthorsTalk
1118,SF
1119,Inspired
1120,Inspired
1121,NBA
1122,bbn
1123,GoDukes
1124,GoDukes
1125,RegionPride
1126,KohLanta
1127,DevelopedHere
1128,DevelopedHere
1129,InsideTheNBA
1130,TORatCHA
1131,TeamJBL
1132,LiveUnderPar
1133,kapetan
1134,FridayFeeling
1135,mattermore
1136,mattermore
1137,mattermore
1138,FearTheTurtle
1139,goheels
1140,eMCeeMondays
1141,Classic
1142,Nuggets
1143,Nuggets
1144,MFFL
1145,FansMVP
1146,Seattle
1147,WMPC
1148,AIPAC
1149,WhatsappDown
1150,Beast
1151,BasketballCL
1152,MardiGras2019
1153,LadyDriveNation
1154,YearInSpace
1155,juglifewater
1156,wintonight
1157,wintonight
1158,wintonight
1159,wintonight
1160,BizDa√ßkayƒ±z
1161,dailygoal
1162,GFNation
1163,G1SuperCard
1164,G1SuperCard
1165,G1SuperCard
1166,chipofthemonth
1167,fenerbah√ße
1168,Tampa
1169,WizSpurs
1170,DubNation
1171,DubNation
1172,DubNation
1173,DubNation
1174,DubNation
1175,DetroitBasketball
1176,smile
1177,Babo
1178,leagueready
1179,leagueready
1180,Elite8
1181,NBAAllStar
1182,NBAAllStar
1183,UNLEASHTHEMANIMAL
1184,WinginItMonday
1185,WinginItMonday
1186,knuckleup
1187,justdoit
1188,NBAAllStar
1189,GameDay
1190,DETAIL
1191,love
1192,RIPNipseyHussle
1193,OTTNO
1194,ThisIsMyHouse
1195,TMC
1196,TMC
1197,6MoY
1198,√©ki√©
1199,√©ki√©
1200,Stuck2theTV
1201,AChildIsAChild
1202,legends
1203,MileHighBasketball
1204,OneLastDance
1205,MarchMadness
1206,RIPNIP
1207,FlannyFriday
1208,GameOfZones
1209,GameDayFocus
1210,nbafamily
1211,lanahslocs
1212,panathinaikosbc
1213,Neighborhood
1214,WheelchairBasketball
1215,WheelchairBasketball
1216,justdoit
1217,FinoAllaFine
1218,FinoAllaFine
1219,Blessed
1220,Blessed
1221,Blessed
1222,poohDhini
1223,ThunderUp
1224,UNBM
1225,NBAFamily
1226,BlackHistoryMonth
1227,RIPNeighborhoodNip
1228,AvengersEndgame
1229,unbm
1230,unbm
1231,unbm
1232,unbm
1233,unbm
1234,WSE
1235,Black
1236,hestayfresh
1237,mondaymotivation
1238,themasters
1239,TheSeventhSeal
1240,_rsenik
1241,kobe
1242,graciasmanu
1243,ThisIsWhyWePlay
1244,nbafamily
1245,lanahslocs
1246,panathinaikosbc
1247,Neighborhood
1248,WheelchairBasketball
1249,WheelchairBasketball
1250,justdoit
1251,FinoAllaFine
1252,FinoAllaFine
1253,Blessed
1254,Blessed
1255,Blessed
1256,poohDhini
1257,ThunderUp
1258,UNBM
1259,NBAFamily
1260,BlackHistoryMonth
1261,RIPNeighborhoodNip
1262,AvengersEndgame
1263,unbm
1264,unbm
1265,unbm
1266,unbm
1267,unbm
1268,WSE
1269,Black
1270,hestayfresh
1271,mondaymotivation
1272,themasters
1273,TheSeventhSeal
1274,DRoseDoc
1275,ad
1276,Winner
1277,Winner
1278,Winner
1279,Winner
1280,GETAHEAD
1281,GETAHEAD
1282,GETAHEAD
1283,TeamAsvel
1284,TeamAsvel
1285,NIP
1286,NIP
1287,esperanca
1288,paulcorvino
1289,BlackHistoryMonth
1290,Salute
1291,Salute
1292,moreplease
1293,BoxOfficeTalk
1294,thesnuggleisreal
1295,BoxOfficeTalk
1296,TheMasters
1297,spursfamily
1298,spursfamily
1299,GloryToGod
1300,sasquatch
1301,bradleybeal
1302,Manokomanda
1303,Manokomanda
1304,SleepyChuck
1305,Legend
1306,NbaTwitterLive
1307,TBT
1308,OneLastDance
1309,free99
1310,BlackHistoryMonth
1311,NBA
1312,TeamCP3
1313,7DAYSEuroCup
1314,JuveAtleti
1315,ad
1316,BigBucketSociety
1317,GoldDontQuit
1318,huluhaslivesports
1319,LaSettimanaDelGallo
1320,LaSettimanaDelGallo
1321,madebygoogle
1322,madebygoogle
1323,DME
1324,DME
1325,DME
1326,TheRoadTo2019GoldGauntletSeries
1327,Kobe4
1328,PurpleDay
1329,stjbb
1330,stjbb
1331,GameON
1332,GameON
1333,Trento
1334,global
1335,TheMarathonContinues
1336,comeon
1337,comeon
1338,HeatNation
1339,YoungHoopers
1340,callyamama
1341,Happiness
1342,Happiness
1343,comeon
1344,comeon
1345,HeatNation
1346,YoungHoopers
1347,callyamama
1348,Happiness
1349,Happiness
1350,Knicks
1351,theundefeatedSanAntoniobatslol
1352,CAAHoops
1353,CAAHoops
1354,MarchMadneess
1355,Bordeaux
1356,NBAAllStar
1357,NBAAllStar
1358,BREAKING
1359,BOSatCHA
1360,AD
1361,FinalFour
1362,gogikamp19
1363,Game4
1364,regeneratesenegal
1365,regeneratesenegal
1366,regeneratesenegal
1367,NBA
1368,carolinaSZN
1369,pressureapplied
1370,3X3U
1371,RIPHussleMan
1372,RIPHussleMan
1373,IslaDelEncanto
1374,LBASerieA
1375,realheros
1376,OnlyAtGW
1377,GearsofWar4
1378,instagramdown
1379,JesusHisLife
1380,RoostersIsBetter
1381,TheBigEasy
1382,PlayersOnly
1383,EarthDay
1384,juglife
1385,from
1386,from
1387,from
1388,from
1389,NBA
1390,ThreePointContest
1391,champs
1392,Deeeeec
1393,Deeeeec
1394,Deeeeec
1395,Repost
1396,Istanbul
1397,GameChanger
1398,WizHornets
1399,AutismAwareness
1400,AutismAwareness
1401,AutismAwareness
1402,AutismAwareness
1403,AutismAwareness
1404,generaci√≥n81
1405,OREvsUCLA
1406,ljiljani
1407,SpartanDawg
1408,SpartanDawg
1409,UnitedWeZag
1410,knuckleup
1411,knuckleup
1412,ThisIsWhyWePlay
1413,WinginIt
1414,WinginIt
1415,NBAOnTNT
1416,SCFeatured
1417,NBAPlayoffs
1418,For√ßaBar√ßa
1419,FIBAWC
1420,grind
1421,GraciasManu
1422,PLAYOFFS
1423,LetsGo
1424,IPROMISE
1425,IPROMISE
1426,GoingBad
1427,oko
1428,oko
1429,GMA
1430,FreeOpenArms
1431,playOffs
1432,justdoit
1433,killa
1434,Gators
1435,s
1436,TheChallenge
1437,Illini
1438,NBAAllStar
1439,unguardable
1440,BlackTwitter
1441,GreenCentury
1442,CapsCanes
1443,Elite8
1444,Elite8
1445,gametime
1446,TeamGiannis
1447,TeamGiannis
1448,ABALiga
1449,ABALiga
1450,ABALiga
1451,justAKidFromChicago
1452,gositdown
1453,LaMarcusAldridge
1454,HowHungryAreYou
1455,SQUAD
1456,LongLiveNip
1457,GameofThrones
1458,tmc
1459,tmc
1460,tmc
1461,tmc
1462,tmc
1463,MAACChampionship
1464,MarchMadness2019
1465,HighFlyingBird
1466,AutismAwareness
1467,Family
1468,NBAPlayoffs
1469,TchTch
1470,BettheRealm
1471,raporgototheleague
1472,TeamisEverything
1473,unguardable
1474,BlackTwitter
1475,GreenCentury
1476,CapsCanes
1477,Elite8
1478,Elite8
1479,gametime
1480,TeamGiannis
1481,TeamGiannis
1482,ABALiga
1483,ABALiga
1484,ABALiga
1485,justAKidFromChicago
1486,gositdown
1487,LaMarcusAldridge
1488,HowHungryAreYou
1489,SQUAD
1490,LongLiveNip
1491,GameofThrones
1492,tmc
1493,tmc
1494,tmc
1495,tmc
1496,tmc
1497,MAACChampionship
1498,MarchMadness2019
1499,HighFlyingBird
1500,AutismAwareness
1501,Family
1502,NBAPlayoffs
