Postid,Userid,Time,Caption,Likes,Comments,Comment
1,300139600,2019-04-24 07:16:26,,1102,14,ğŸ”¥ğŸ”¥
2,8174195,2019-04-24 06:12:26,#farouqisonfireğŸ”¥ğŸ”¥ğŸ”¥ #str8up #riprip,11691,142,Gang gang.
3,365278709,2019-04-24 08:44:09,ğŸ€ğŸ,2658,56,Youâ€™re a beast ğŸ€
4,246667855,2019-04-24 22:55:32,"Introducing Bloom Boheme Boozer!!!! At 37 Years Old, I Didnâ€™t Know I Could Fall In Love All Over Again... Then Came Bloom... My Beautiful Wife Gave Me Our Gorgeous Angel!!! Filled With So Many Emotions!!! The Journey For @bloomboheme Being With Us Is A Story Best Told By Her Mom, But Just Know When I Call Her A Blessing, She Is Exactly That!!! And Fellas, Sheâ€™s Got 3 BEASTY Brothers & One Bad Ass Father To Get Through Before Yaâ€™ll Get A Date!!! FACTS ğŸ¤£!!! Enjoy As We Flood Your Timeline!!! #HOLDAT ğŸŒº",24130,523,Awe sweet baby!! CongratsğŸ‘‘â¤ï¸
5,246667855,2019-04-24 16:59:47,"Come And Join Me In My Hometown Of Juneau, Alaska As I Hold My Annual Basketball Camp August 4th to August 9th... My Friends @naterobinson @dribble2much @manifestmcclinton @doug.plumb @rcasper_012 & My Brother @cboooz Will All Be There To Help Improve Your Skills As A Basketball Player (boys and girls ages 5-18)... Link In Bio.. So Sign Up Now!!! #boozerbasketballcamp #HOLDAT",14838,56,@handsome_rhdrob253 flw me
6,259244842,2019-04-24 03:29:49,Magical series. Letâ€™s keep it going! #WeTheNorth,17631,198,Damn I miss that playoff atmosphere and what it means!! Wtf good luck ğŸ€ @greenranger14
7,1694451619,2019-04-24 16:48:15,#THANKYOU ğŸ™ğŸ¿,6161,264,@chris_turso @michael_iarrapino â¤ï¸â¤ï¸
8,19547914,2019-04-24 15:24:10,Had a great family vacation to Paris.. and @kaylababy121 thanks for agreeing to be my lifer #shesaidyes,2054,99,Congrats D!!
9,46714935,2019-04-24 17:04:06,"See you soon, 2nd round!",2882,50,Playa ğŸ‘‘ğŸ‘‘ğŸ‘‘
10,46714935,2019-04-24 06:05:01,My guy called it LONG before anyone ever knew. Amazing series and an unbelievable night. Glad I could witness the story being written!,30449,414,RIP freaking City!
11,297500919,2019-04-24 03:03:41,"#Repost @bsnpr with @get_repost
ãƒ»ãƒ»ãƒ»
ğŸ˜¤ğŸ˜³ CLAVELL ğŸ˜³ğŸ˜¤",6391,83,La emociÃ³n en esa cancha a otro nivel desp de ver esto yo espero q las canchas empiecen a llenarse
12,49910201,2019-04-24 05:32:05,I think we as a culture should all go buy a pair @damianlillard shoes tmw for that shit he just did haha ğŸ˜†,8513,156,@radsybowe they probably all went up 25%
13,4229905370,2019-04-25 01:09:05,Kawhi was dominant in the season series vs Philly this year dominating both sides of the ball. How will he do in the semis ?,1122,15,MAKEâ•ğŸ’²5000 â•OVERNIGHT â•NO MONEYâ•NEEDED UPFRONT â•ğŸ’°ğŸ’°â•HMU
14,4229905370,2019-04-24 20:28:34,Ben is about to reunite with his daddy,2197,39,Total?
15,194908318,2019-04-25 00:27:00,Good Headspace. ğŸ§˜ğŸ»â€â™‚ï¸ğŸ§˜ğŸ»â€â™‚ï¸ğŸ§˜ğŸ»â€â™‚ï¸,41769,274,Thatâ€™s what itâ€™s all about bro find your peace
16,602470996,2019-04-24 19:40:55,Clear blue .... #vacation,3151,42,Ja teÅ¼ chcÄ™ El ğŸ‘‘
17,21005865,2019-04-24 03:53:46,Round 2,21172,207,letâ€™s get it Mook.
18,199888020,2019-04-24 17:43:30,Nothing in the World like it!,34756,399,Wowww!!!... You have some hecka strong genes ğŸ’•
19,466834153,2019-04-24 22:50:48,Not happy about it look at that mean mug ğŸ˜‚ğŸ˜‚ğŸ˜‚,4278,65,haha heâ€™s so cute ğŸ–¤
20,23489943,2019-04-24 18:34:32,The inside story of Kawhi's model face next to @champagnepapi ğŸ˜‚ğŸ˜‚ Link to full episode in bio. #howhungryareyou,13652,288,@flave3 iâ€™m gonna watch this one
21,211849705,2019-04-24 02:58:10,ğŸ‘ğŸ¾ Miss you more......,6119,43,"rest up for next season man, big things comingğŸ’¯"
22,8715481,2019-04-24 15:40:05,Your greatness is not what you have. Itâ€™s what you give. @damari_savile,13470,113,you're amazing @tobiasharris
23,8715481,2019-04-24 03:36:16,#NextUp ğŸ™ğŸ½ğŸ™ğŸ½,36222,322,ğŸ”¥ğŸ”¥ğŸ”¥
24,11773708,2019-04-24 21:30:02,Coldest sports photo ever. The Mona Lisa of sports.,3053,30,ğŸ¯ğŸ¯ğŸ¯ğŸ’¯ğŸ’¯ğŸ’¯
