,Player_ID,Name,Screen_name,ID,Bio,Url,Posts,Followers,Friends
0,2,Aaron Brooks,Thirty2zero,37692305,MVW,,2645,66573,350
1,3,Aaron Gordon,Double0AG,614024492,Love The Game.,,2151,150028,498
2,4,Adreian Payne,Adreian_Payne,380051568,"The don‚Äôt care how you get it done, only results!!! ÊùÄÊâã‰Ω©ÊÅ©",,1472,62734,141
3,5,Al Horford,Al_Horford,78193153,Official Twitter Page of Boston Celtics star Forward/Center Al Horford,https://t.co/fACM4wz6K2,4353,336830,271
4,6,Al Jefferson,Aljefferson25,466852270,Pro NBA Basketball Player,http://t.co/npptRW39kv,8,1651,273
5,7,Alan Anderson,ASqared06,1067020626,Professional Basketball Player for the Los Angeles Clippers/Activist/Father/and just all around good brotha!!,,209,11091,179
6,8,Alec Burks,AlecBurks10,135323628,,,161,56827,434
7,9,Alex Kirk,kingkirk53,1334787901,"... Lobo Alum. Pro hooper. Love my Family, Friends, and teammates. Never Stop Dreaming #someday #AK53 @AK53Foundation @AksGymsofWorld",https://t.co/Y8P2839CtM,4763,15227,647
8,10,Alex Len,alexlen,1538825629,"Atlanta @ATLHawks Center | #TrueToAtlanta

Business Inquries: @mike_sig",https://t.co/4uUJd95PtY,370,16663,143
9,11,Alexey Shved,Shved23,416120361,The only official twitter of Russian PG,,121,5195,12
10,12,Alexis Ajinca,AjincaAlexis42,855247687,Official Twitter of Alexis / Twitter officiel de Alexis Ajin√ßa French Basketball Player / NBA player / Updates added by Alexis and his team,https://t.co/syrDuDLSCK,11317,60436,203
11,13,Al-Farouq Aminu,farouq1,76809678,,http://t.co/ZgbWJXzpOa,6835,82860,64428
12,14,Allen Crabbe,allencrabbe,373677327,NBA player for the Brooklyn Nets,,5327,34215,407
13,15,Alonzo Gee,GeeAlonzo,232438705,Alonzo Gee,,2019,29538,270
14,16,Amar'e Stoudemire,Amareisreal,25100180,"Official page of 6x NBA All-Star , 5x All-NBA Amar'e Stoudemire - Follow me on Instagram @amareisreal",https://t.co/4KUG10Wm1B,4006,1114265,1
15,17,Amir Johnson,IamAmirJohnson,130939593,the real amir johnson,https://t.co/dzZE7ZBUYV,5234,145533,1780
16,18,Anderson Varejao,VAREJAOANDERSON,372525649,Jogador do Flamengo e da Sele√ß√£o Brasileira / AsCom/PR - @mpcriocom,,2012,167987,318
17,20,Andre Drummond,AndreDrummond,244800486,SCüëª: andredrummondd,https://t.co/mx6IAUdePa,20142,839510,1784
18,21,Andre Iguodala,andre,331283041,üî∫ Nm #GG33,https://t.co/cqoW91BADF,7213,1314437,475
19,23,Andre Roberson,FlyDre21,165152266,Thunder #21 Humble and Hungry!!!,,10449,61522,455
20,24,Andrea Bargnani,AndreaBargnanee,757288256849514496,NBA Player who left the league because was too good and didn't want to embarrass others. @Baskonia player (not for long). Way too good to be the true one,,528,267,148
21,25,Andrei Kirilenko,AndrKirilenko,620474224,Fantasy Andrei Kirilenko News from news sources all around the world,,7227,2764,3273
22,26,Andrew Bogut,andrewbogut,1036325418,,,8027,381472,1096
23,27,Andrew Nicholson,nicholaf44,439779382,#44...St. Bonaventure Alum '12 Bachelor of Science in Physics...Check out @44hoopcamp for camp details https://t.co/cvw6SRt2fL,https://t.co/cvw6SRt2fL,2684,21285,243
24,28,Andrew Wiggins,22wiggins,231209225,3 dreams #Onegoal ////jayhawk ///NBA // Snapchat: wiggins22,,1291,515401,405
25,30,Anthony Davis,AntDavis23,159113258,Forward for the New Orleans Pelicans! #23 IG: AntDavis23,https://t.co/WNht2Pf5N7,4915,1561925,348
27,31,Anthony Morrow,MrAnthonyMorrow,82302496,"Blessed&HIGHLY favored, Dad of 4 leaders. HipHop Connoisseur, IG:Yungfresh. West Boulevard Charlotte, NC. Carolina Panther fan‚úäüèæ Owner of Ownsenseofstyle ‚úäüèæüî•",https://t.co/DfENkJwjD3,24670,100702,6690
28,32,Anthony Tolliver,ATolliver44,176326208,POWER FORWARD FOR THE MINNESOTA TIMBERWOLVES... #TEAMIJNIP,https://t.co/wE1vHwAf2Z,13712,39654,370
29,34,Arinze Onuaku,arinze_onuaku,142138363,Taking it one day at a time.. I know God has a plan for me so I try and put him first in everything I do.. #motivation,,2228,5540,490
31,35,Aron Baynes,MrAnthonyMorrow,82302496,"Blessed&HIGHLY favored, Dad of 4 leaders. HipHop Connoisseur, IG:Yungfresh. West Boulevard Charlotte, NC. Carolina Panther fan‚úäüèæ Owner of Ownsenseofstyle ‚úäüèæüî•",https://t.co/DfENkJwjD3,24670,100702,6690
32,37,Austin Daye,Adaye5,55075301,Professional Basketball Player / Cali Native  #TMC,https://t.co/fabtUWSHYv,7558,71425,346
33,38,Austin Rivers,AustinRivers25,156521166,Just a dedicated man with big dreams to fulfill. @houstonrockets guard & former Blue Devil. My new podcast #GoOff with @uninterrupted is out! Link‚¨áÔ∏è #MoaM,https://t.co/WidzlO18uI,3598,295736,511
34,39,Avery Bradley,AveryBradleyBR,4537259182,Perfil dedicado ao Avery Bradley e ao Boston Celtics,,11514,896,998
35,41,Ben McLemore,BenMcLemore,364970961,"NBA Guard, I'm truly blessed and staying Humble&Hungry...... It's Ok To Be Great!!!! management e-mail: HA@SultanGroup.TV",https://t.co/9tr7bp1kPz,2539,101162,1466
36,42,Beno Udrih,BenoUdrih1,2155045712,Pro Bball Player /Love giving back to the community/ Believer of good & bad Karma #PositiveThinker #HardWorkPaysOff Instagram: benoudrih19 Snap:budrih1982,,2750,24120,631
37,43,Bernard James,BernardJame5,20957449,"#5, #0, Philanthropist, FloridaState Alum, Former Staff Sergeant in the USAF Owner of WILD SKY YONDER LLC and The Bernard James Foundation",,12,13625,215
38,44,Bismack Biyombo,bismackbiyombo,273532957,LiVE TO SeRVe...,,2410,53622,263
39,45,Blake Griffin,blakegriffin23,34430522,https://t.co/HcUNqrs9vT,https://t.co/USIWsNWmHl,2713,4460594,574
40,46,Bojan Bogdanovic,44Bojan,1242198056,,,112,13819,21
41,47,Boris Diaw,theborisdiaw,205441601,Official twitter account of Boris Diaw,https://t.co/a4WGbPTwAo,4368,524405,108
42,48,Bradley Beal,RealDealBeal23,153307097,"To God be the Glory ! Always a Florida Gator ! Play for the Washington Wizards ! Humble&Hungry is the motto !  
IG: BradBeal3 https://t.co/Pfs6T4cnmC",https://t.co/IU4iolCJ0j,16055,403236,333
43,49,Brandan Wright,bwright34,270712565,"Proverbs 3:5,6 
Believer, Husband, and Father",,1839,34674,2181
44,50,Brandon Bass,bestbetbass,1482682405,Instagram: @bestbetbass,,919,23007,38
45,51,Brandon Davies,Brandon_Davies0,948691898448994305,Husband. Father. LDS. BYU Cougar. Professional Hooper. @bcZalgiris Center. D&C 82:10. #BLESSED #BEASTMODE  #CHAMPION,https://t.co/SJjn9cejxg,783,5322,285
46,53,Brandon Knight,Goodknight11,186726223,To God Be The Glory,https://t.co/uNUNS1Kj4l,1488,224406,419
47,54,Brandon Rush,BRush_25,48477007,Instagram- brush_4,,16218,62448,342
48,55,Brendan Haywood,bwood_33,2586417115,"Unc Alum. Retired 14 year Nba veteran who played for the wizards, hornets, Mavericks, and cavaliers. Currently a broadcaster for ESPN, Cbs, and Nba tv.",https://t.co/zCHtoz6GON,340,4371,193
49,60,C.J. Watson,Quietstorm_32,40779444,Psalms 23,https://t.co/RGywwNWgkg,20393,300535,614
50,61,Cameron Bairstow,cambairstow41,1352533376,"Pro baller for the Brisbane Bullets. New Mexico Lobo 2010-14, Chicago Bull 2014-16, 2016 Rio Olympian. Instagram: @cambairstow41",,975,12324,165
51,62,Carl Landry,CarlLandry,152378469,My Game! His Glory!!!,https://t.co/jRjVyToOtZ,2866,90496,269
52,63,Carlos Boozer,MisterCBooz,760494572,Follow My Journey... IG: @mrcbooz Snap: @mrcbooz üéôHOLDAT PODCAST,https://t.co/49uR1uJU2O,2721,1372896,262
53,64,Carmelo Anthony,carmeloanthony,42384760,Official Page of Carmelo Anthony.,http://t.co/pEm77wpZdy,2863,9137793,302
54,65,Caron Butler,realtuffjuice,146597870,Loving Father & Husband Family above Everything...Author TuffJuice President of Butler Capital Fund LLC TNT|Spectrum|ESPN,https://t.co/4As9GeQJc1,14932,181865,3006
55,67,Chandler Parsons,ChandlerParsons,132708764,6'10 with a #RATCHET,,6767,315603,203
56,68,Channing Frye,channingfrye,272116860,. Instagram- @channingfrye üëª @mrctf,,9357,107402,800
57,69,Charlie Villanueva,CVBelieve,22578391,Believing in myself while inspiring others. Real Estate #824TXProperties. Father of 2. #NBA 11-years. NCAA #UConn Champ üèÜ. Co-owner @kulture_houston. #Alopecia,https://t.co/8uBq4ho2Wm,7710,199280,932
58,70,Chase Budinger,Cbudinger,342457761,played basketball for a living... what a life! heading into my next adventure Volleyball!,,2113,54051,95
59,72,Chris Bosh,chrisbosh,16125042,https://t.co/OJhcaMOLe0 and https://t.co/e7PyxmPf8e ! #BoshMoments #BoshFamily #Champ üèÜ Husband And Father of Five,https://t.co/8kLSwXbNSR,4547,2794349,1256
60,77,Chris Paul,CP3,53853197,,http://t.co/ukDy5HtLIG,6024,7759240,892
61,78,Chuck Hayes,c_hayes44,319539628,Houston Rockets Pro Player Personnel Scout,,2683,31495,4051
62,79,CJ McCollum,CJMcCollum,92903456,330~LU~Blazersüôåüèæ New PODCAST ‚ÄúPull Up‚Äù SUBSCRIBE üö® üö®: https://t.co/0oTqiuFcUo,https://t.co/taaMJQJVWa,17705,285370,1954
63,81,CJ Wilcox,UCjwilcox23W,68451043,#HWPO IG: Cjwilcox23 Snap: ucjwilcox23w,,5615,9929,216
64,83,Clint Capela,CapelaClint,1596720342,"Houston Rockets, Instagram: ccapela15. üá®üá≠üá®üá©üá¶üá¥",,845,72086,124
65,84,Cody Zeller,CodyZeller,259030794,"Charlotte Hornet from Washington, IN - Living the dream and loving life!!!!",https://t.co/T82O2EL3I2,882,148739,170
66,85,Cole Aldrich,colea45,134650548,"Husband, Son, Brother & Christ follower

TWolves",,3025,53625,173
67,86,Corey Brewer,TheCoreyBrewer,148821929,"Just a man from Portland, Tennessee!",https://t.co/70yWvDPe34,1929,78967,190
68,87,Cory Jefferson,CoryJay34,239212757,"When I'm right, I'm right. When I'm wrong, I coulda been right. So I'm still right because I coulda been wrong..",,25224,9108,421
69,88,Cory Joseph,Cory_Joe,279697145,University of Texas Alumni. Guard for the Indiana Pacers,https://t.co/m6JuG8KEnf,825,115801,287
70,89,Courtney Lee,CourtneyLee5,412688692,"Born and raised in Indianapolis,IN. A Proud Wku Alum, A Son of God! And lives by code of Hammurabi!!!",,2767,70461,329
71,90,D.J. Augustin,Augustinboy14,2287426416,Real twitter account of D.J. Augustin Chicago Bulls Nation,,0,5,19
72,92,Damian Lillard,Dame_Lillard,267425142,They say the truth shall come to the light...so everybody grab ya shades cuz ya boy that bright. (Instagram: DamianLillard),https://t.co/0KFauhLyvv,20193,1611454,2279
73,93,Damjan Rudez,Damjan_Rudez,2284736934,"Basketball player, basketball fan, representing UCAM Murcia and Croatia! https://t.co/YOJKFIHs2r https://t.co/0W5x4bKvQw",,381,6938,267
74,94,Danilo Gallinari,gallinari8888,70926844,NBA Forward ‚õπüèª‚Äç‚ôÇÔ∏è ‚úâ Marketing & PR ‚û° info@danilogallinari.org,https://t.co/fl9xyYZLJ9,6681,715491,256
75,95,Danny Granger,dgranger33,20356113,"11yr NBA veteran, Commentator, Thinker....",https://t.co/nfVWdUvUo7,784,301646,109
76,96,Danny Green,DGreen_14,269552973,"RESPECT is everything, I give what I get",https://t.co/wI2JBy9bso,11843,505214,320
77,98,Dante Exum,daanteee,53401921,#11 Utah Jazz,,799,70426,211
78,99,Darius Miller,DmillerKY,37534613,Blessed +,,22396,181087,931
79,100,Darius Morris,dariusmorris4,35921824,Hebrews 11:1 Embrace your #Mov3ment Blessed,http://t.co/aaXOrbk2uM,1627,53139,779
80,101,Darrell Arthur,DarrellArthur00,2232325386,"Darrell Arthur's official Twitter account, Dallas, TX, S.O.C. H.S. grad &  back2back Texas champion, KU National Champ and current Denver Nugget",,484,5767,152
81,102,Darren Collison,Darren_Collison,223712642,Point Guard for the Indiana Pacers. UCLA alumni,https://t.co/KPM8IPvqwT,1747,105299,194
82,103,David Lee,Dlee042,40190028,,,1409,344896,144
83,106,David West,D_West30,205771054,"It is the knowledge that i am going to die that creates the focus that i bring to being alive
...N.D.T...",https://t.co/6ZDSeERzr9,5813,260906,793
84,107,DeAndre Jordan,DeAndre,47506568,"1/4 Twist Boy I love Judge Judy, Netflix, and Gluten-free Cookies",,9507,1158326,313
85,108,DeJuan Blair,DeJuan45,40354705,PROUD FATHER!! üÖ∞Ô∏èüÖ∞Ô∏èüÖæÔ∏è‚ÄºÔ∏è‚úäüèø,,31340,134503,879
86,109,DeMar DeRozan,DeMar_DeRozan,43658360,Born and raised in Compton.,https://t.co/HVeqXr6NUY,8167,639977,466
87,110,DeMarcus Cousins,boogiecousins,132752344,"Tough times don't last, tough ppl do. #LoyaltyIsLove #TheResurgence #0DOUBT Manager: @andrew_rogers_ Instagram: boogiecousins",https://t.co/58s4cV2npP,5947,1085516,813
88,111,DeMarre Carroll,DeMarreCarroll1,332627423,"Official Account For DeMarre Carroll
‚ñ™ @BrooklynNets ‚ñ™ The Carroll Family Foundation @CFFWeBelieve
‚ñ™ info@lmsmanagement.ca",https://t.co/8Nf0XrHqzj,5845,88582,377
89,112,Dennis Schroder,MrSchroder17,1040027285246697472,Cuenta no oficial de Dennis Schr√∂der,,127,44,107
90,113,Deron Williams,DeronWilliams,331813832,"Believer, Husband, Father, Former Three-time @NBA All-Star, 2x Olympic Gold Medalist, Avid üèåüèΩ and üéø huge Pittsburg Steeler and MMA Fan",https://t.co/AUaiusaF8T,1710,743880,291
91,114,Derrick Favors,dfavors14,151728579,"Dream Big,Work Hard",,878,140497,226
92,115,Derrick Rose,drose,612792060,POOH - 4/11/19 üëáüèæ,https://t.co/RROSnFJCTi,83,2631702,34
93,116,Derrick Williams,DWXXIII,61604894,Instagram : DWXXIII,https://t.co/12LewXLvqP,514,158565,304
94,117,Devin Harris,Dev34Harris,1576253378,NBA Point Guard,,474,26413,337
95,118,Devyn Marble,DevMarble,202893625,Snapchat: dmarble4 / Instagram: d_marble & dae1hk,,2184,29527,135
96,119,Dewayne Dedmon,d_dedmon3,249001367,Former USC forward currently playing the game I love for the Atlanta Hawks. Instagram: d_dedmon3 | Marketing@waterhousehayes.com,,3854,15375,402
97,120,Dion Waiters,dionwaiters3,134653235,Father first!!! https://t.co/VgS8wcPip1,https://t.co/qdRgT3HX0o,20196,122989,1098
98,121,Dirk Nowitzki,swish41,205415788,Tall Baller from the G!,http://t.co/RwKuFKxU1E,1600,3438562,537
99,122,Donald Sloan,dsloan15,396839470,Official Page of former Texas A&M #15 Point Guard donald sloan Catch me when I'm up lol...... And i may tweet you back IG: donsloan15 IM UP,https://t.co/uQme7Oldt7,4618,8572,280
100,123,Donatas Motiejunas,DonatasMot,1048960958,Basketball player Snapchat : dmot Instagram: donatas_motiejunas,,1536,106116,270
101,124,Dorell Wright,DWRIGHTWAY1,183755853,DJ Uno!!!,https://t.co/XZdGb00hHi,16865,129476,711
102,125,Doug McDermott,dougmcdermott,85617701,,,4292,152862,394
103,126,Draymond Green,Money23Green,116485600,Forward for the Golden State Warriors by way of Michigan State and Saginaw Michigan... Owner of Performance Inspired Nutrition,,19185,1293471,980
104,127,Drew Gooden,DrewGooden,43756302,,https://t.co/Ucehc0rtbl,1624,62418,431
105,130,Dwight Howard,DwightHoward,16812787,#12isBACK,https://t.co/sxJtgQkmei,23488,6708081,7482
106,131,Dwight Powell,DwightPowell33,2445047678,Forward For The Dallas Mavericks,,84,10011,226
107,132,Dwyane Wade,DwyaneWade,33995409,"From Robbins, IL..I'm a father First and everything else after that...",https://t.co/9MS9CVB2UZ,12014,7990002,671
108,133,Earl Barron,earldee,28053819,"Memphis Tiger Alum, 2006 NBA Champion.....Failure will never overtake me if my determination to succeed is strong enough.",,5378,4788,159
109,135,Ed Davis,eddavisXVII,54378594,,,2208,65177,559
110,136,Ekpe Udoh,EkpeUdoh,113483838,,,12526,106653,391
111,137,Elfrid Payton,elfrid,253527338,#UL #EP2 #EP2X2 #duece #GB,,10262,63780,1117
112,138,Elijah Millsap,Elijah_Millsap,1523459624,,,804,8985,171
113,139,Elliot Williams,ewill901,140208058,,http://t.co/bOXIUqMozi,3864,20620,489
114,141,Enes Kanter,Enes_Kanter,302111485,{Hizmetin Hizmetk√¢rƒ±} #Live4Others https://t.co/2ff4gW2gP4 & https://t.co/OY1rPsSUe7 üïä‚ô•Ô∏è‚öñÔ∏è,https://t.co/0qUS2vvnCi,6992,425082,11
115,142,Eric Bledsoe,EBled2,98576365,Dnt be scared to imagine,https://t.co/DwZhUgNJT7,4557,235664,598
116,143,Eric Gordon,TheofficialEG10,299242570,Shooting Guard for the Houston Rockets and INDIANA HOOSIER! https://t.co/6y8olQFXil,https://t.co/ZwPVJDYlHb,2334,217392,1833
117,144,Erick Green,ErickGreen,131009726,VT alumni.. #HAT #NGE,https://t.co/gZNGuZKBPr,17417,23857,1420
118,145,Ersan Ilyasova,ersan_8,554800704,Basketball player,,0,41,7
119,146,E'Twaun Moore,ETwaun55,270072188,- The Official Account of New Orleans Pelicans PG #55 E'Twaun Moore -,https://t.co/0IWKfUalXr,804,33802,1288
120,147,Evan Fournier,EvanFourmizz,562362256,"Guard for the @OrlandoMagic



Instagram-evanfournier10

94",https://t.co/skzaRs4q5H,7345,174129,119
121,148,Evan Turner,thekidet,91133460,the world can rush but i'll wait to be perfect,,13575,199144,2369
122,149,Festus Ezeli,festus,341567459,IFEANYI means NOTHING is impossible WITH GOD. maybe that'll help you understand my life's story | Marketing opportunities contact: Melissa@LaCorteENT.com,https://t.co/dBhhdFresi,6211,129796,679
123,151,Furkan Aldemir,furkanaldemir19,2903070431,Official Twitter account of Furkan Aldemir / Professional Basketball Player,,447,6391,131
124,153,Garrett Temple,GTemp17,41861751,1.GOD https://t.co/1ntV5xKQxn https://t.co/5NqiJwX4Jk. LA Clippers guard #17. APhiA: Truly Blessed!!!!!! IG: gtemp17,https://t.co/g0nENVwdId,16631,24204,582
125,154,Gary Harris,thats_G_,126458229,#EAC,,18774,60152,677
126,156,George Hill,George_Hill3,87080278,,,13362,245401,223
127,157,Gerald Green,GgreenJr25,1090951986,"Phoenix forward, studied at Leaders Academy High School for Business and Academic Success. Not assosiated with Gerald Green",http://t.co/HLheG4ldjV,125,5545,94
128,158,Gerald Henderson,g_hender09,39271923,Dad. Duke grad. @NBA vet. @foxsportssouth @hornets analyst. Tweeter,https://t.co/EDu98OAG6J,6869,45220,306
129,160,Giannis Antetokounmpo,Giannis_An34,2279776304,"""It's beauty in the struggle, ugliness in the success."" üá≥üá¨üá¨üá∑ Family-Loyalty-Legacy",https://t.co/emaHhOoj67,1104,639977,40
130,162,Glen Davis,_glendavis_,904920369294868480,TMHS Varsity Golf '19/ Joshua 1:9/ Spread positivity/ TTU ‚Äò23,,1349,181,201
131,165,Goran Dragic,Goran_Dragic,356859571,"Father,brother,husband and professional basketball player for @MiamiHeat #TheDragon üê≤",https://t.co/CRFyOZE0m4,2788,344296,435
132,166,Gordon Hayward,gordonhayward,46704247,,https://t.co/9kozzhRExv,2633,641192,138
133,167,Gorgui Dieng,GorguiDieng,1358510274,This is the Official Twitter account for Gorgui Dieng.,https://t.co/CKPcMjvRSE,1153,57691,223
134,169,Greg Monroe,M10OSE,935368368,"NOLA native, Helen Cox Alum, Georgetown Hoya. #IJNIP Trust in God, Believe in yourself. IG: Moosemonroe15",https://t.co/oZNzVK7fYk,902,43113,494
135,171,Greg Stiemsma,gregstiemsma,23260598,Just a small town kid living my dream!,,2018,11774,259
136,172,Greivis Vasquez,greivisvasquez,133069590,Venezolano NBA Player Vocero #ODS Sistema Naciones Unidas para Venezuela Global Shaper #TeamVasquez,https://t.co/U1mKbTFiTU,23484,664705,1614
137,173,Harrison Barnes,hbarnes,555393138,‚úü Acts 4:12 | üë∞üèæüíç @BrittanyLBarnes | TAR HEEL. | @sacramentokings forward | https://t.co/wIkdU11pXc | #AO1,https://t.co/zdWxVsa1v6,4480,625469,789
138,174,Hassan Whiteside,youngwhiteside,149308566,North Carolina raised 7Footer .. Going trigger happy just to see my people happy ..Born as a poor kid with wealth dreams .. Keep it 100 snapchat youngwhiteside,,4094,190372,402
139,176,Henry Sims,H_Sims14,102270039,Be patient with me,,8329,6223,775
140,177,Henry Walker,304skywalkerjr,3065022464,#hard2kill #GGG,,895,5863,703
141,180,Ian Mahinmi,ianmahinmi,394125377,Father/Baller/Owner/Entrepreneur... Everything happens for a reason / On r√©colte ce que l'on s√®me,,2843,45963,238
142,181,Iman Shumpert,imanshumpert,257699456,"Rocket Ship. Husband.Father.Champion.Artist. #CENTERPIECEbyIman. stream/ download ""piece de la foutu pie""",https://t.co/25VVLXAUc9,15087,683450,538
143,182,Isaiah Canaan,SiP03,133338415,"Chasing A Dream N Won't Stop Till It's Accomplished!!
TeamKMY",,32580,44515,1142
144,183,Isaiah Thomas,isaiahthomas,72475439,"Proud Father! If all I'm remembered for is being a good basketball player, then I've done a bad job with the rest of my life. 2x @NBA All Star üèÅ",https://t.co/9QVLDAAhDZ,2033,1614499,2445
145,184,Ish Smith,IshSmith,925030084276301830,#14 PG for The Detroit Pistons Psalms 115:1 #DetroitBasketball,https://t.co/7ncMVQV1jQ,28,1647,31
146,185,J.J. Barea,jjbareapr,73457606,https://t.co/8YZ63o5DQl,,2561,286734,300
147,186,Jabari Brown,Bari_BrownIDF,596857496,#DB55,https://t.co/ZGsNxcFUCl,3397,13818,499
148,187,Jabari Parker,JabariParker,306582939,You can't let praise or criticism get to you. It's a weakness to get caught up in either one. -John Wooden,,526,301252,372
149,188,Jack Cooley,JackCooligan45,480847192,"Occasionally I play basketball, but mainly I'm a father of two puppies. ND Baby! #45",,2869,6772,552
150,189,Jae Crowder,CJC9BOSS,125408809,I MADE MY DREAM A REALITY.. {99},,8217,148779,523
151,192,Jamal Crawford,Jcrossover,377723724,"I love basketball, but basketball doesn't define me.",https://t.co/1IUk0mTbCi,25304,1300214,2768
152,193,Jameer Nelson,jameernelson,41514775,God Is Good,https://t.co/3b0HCVUXgw,1800,114285,2277
153,194,James Ennis III,JamesDa_Truth,143140326,‚ÄúEnnis The Menace‚Äù Hungry!! Proud Father!! God 1st before everything!! Grinding everyday!! #Teamnosleep #TeamDreamchaser #EnnisTheMenace,https://t.co/NBNz7GulIB,6493,29081,978
154,195,James Harden,JHarden13,50811932,NBA Player for the Houston Rockets.,https://t.co/4sRoFaGcFg,12988,6237339,246
155,196,James Johnson,IamJJ16,3033470114,"The Official Twitter of James Johnson
Miami Heat #16 #culture",,503,24716,96
156,200,JaMychal Green,Jmyke1,171774400,Former Bama player now a Memphis Grizzly #0...GUMP TOWN 334 #GOD1st #FAM2nd Proud Father Jada 9-17-13 !! #RIP Rod B I am My Brother's Keeper‚ÄºÔ∏è IG RoadtoRiches_0,,14237,15413,725
157,202,Jared Cunningham,J1Flight,189033619,Know Yourself,,831,20419,215
158,203,Jared Dudley,JaredDudley619,54438929,Just a guy from San Diego living a Dream! Where Brooklyn at?!!!! (Biggie Voice),,25091,209784,1750
159,204,Jared Sullinger,Jared_Sully0,119504238,140 Characters can't su‚ùå ‚ùåe up... I a‚ùå who I a‚ùå.. I do what I do! Don't ask... YES it is ‚ùåe!,,26814,174776,1370
160,205,Jarnell Stokes,JarnellStokes,195985229,"Life and Basketball. Current Professional Athlete, Entrepreneur & Philanthropist.",https://t.co/jhCbbshGMw,12252,46331,993
161,206,Jarrett Jack,Jarrettjack03,58673299,"Instagram: @jarrettjack03
Snapchat: @jarrettjack03",,5789,105763,493
162,207,Jason Maxiell,JasonMaxiell,188879824,,,133,5387,21
163,209,Jason Smith,JasonSmith014,1110153360,Car enthusiast. Movie fanatic. Always trying to live life to the fullest!!! New Orleans Pelicans #14 IG JasonStix Twitch JasonStix,,1624,11594,298
164,210,Jason Terry,jasonterry31,30465594,Lady Drive Nation Co-President official IG: @jasonthejet31,https://t.co/POTSClQhIK,4055,970542,856
165,211,Jason Thompson,MyJasonThompson,202043887,"Actor 
App Store: Jason Thompson",https://t.co/o8Wwbz5ZAT,7555,121871,534
166,212,JaVale McGee,JaValeMcGee,24838521,#BeGreat #PRAYFORFLINT üëª:pierrepierre11 LAKERS #CENTER,https://t.co/KmvzbEdlwS,11960,270009,774
167,213,Jeff Adrien,Adrien4,26430244,"UConn Husky 4Life 
  ‚òÄÔ∏èJehovah‚≠êÔ∏è‚ö°Ô∏è
üåöMan on A Mission‚≠êÔ∏è‚òÄÔ∏è
                   üî∂",https://t.co/aDyFOYsOXP,4236,18693,192
168,215,Jeff Green,unclejeffgreen,363365354,From the DMV...04'-07' Georgetown Hoya...GOTTA LOVE LIFE,,14632,166756,714
169,216,Jeff Teague,Teague0,270044966,,https://t.co/ksd9piX5fx,4329,85636,574
170,219,Jerami Grant,JeramiGrant,272562079,#familyovereverything Instagram: @jeramigrant,,8481,45067,205
171,221,Jeremy Evans,JeremyEvans40,499048869,"Official Twitter handle for Jeremy Evans #40, former Western Kentucky Hill Topper,Utah Jazz, Dallas Maverick, Khimki. Current Atlanta Hawk Instagram:evansart21",https://t.co/k2J9Jmp9X8,223,33266,276
172,222,Jeremy Lamb,jlamb,303465692,"I once had a awkward moment, only cuz I wanted to... My Instagram-- jeremylamb1",,3342,52017,264
173,223,Jeremy Lin,JLin7,170424259,to know Him is to want to know Him more,https://t.co/bJvNFzMXD8,1763,2525162,170
174,226,Jerryd Bayless,jerrydbayless,843948212,Stand for something or fall for anything,https://t.co/jHzCPkkmOk,659,13428,217
175,227,Jimmer Fredette,jimmerfredette,247149169,Instagram: @jimmerfredette_32,https://t.co/pKMIGnRAJb,3255,161452,446
176,228,Jimmy Butler,JimmyButler,255199842,"From Tomball, all the way to the Philadelphia 76ers... Former Marquette Golden Eagle #33.. What I don't have, I don't need. What I don't need, I don't have.",https://t.co/wyWcvyY173,5349,577013,361
177,229,JJ Hickson,Hickson21,754267106,Official Twitter account for #21 for the Portland Trail Blazers. (Instagram: jjhickson21),http://t.co/0c9knk4TsB,1575,13997,68
178,230,JJ Redick,RealJoshReddick,435976945,Husband. Houston Astros Outfielder. WWE fanatic. Go Dawgs. Life analyst. I tend to run my mouth. I am NOT JJ Redick IG: realjoshreddick,https://t.co/5dQ8BfpDzs,9414,154933,578
179,231,Joakim Noah,JoakimNoah,494422305,Stick stickity . For my foundation contact @noahsarcfdn,https://t.co/CMhy0MEv2D,1508,708025,471
180,232,Jodie Meeks,Jmeeks20,356408195,Shooting Guard for the Washington Wizards!,,2994,96189,125
181,234,Joe Ingles,Joeingles7,38026892,"Utah Jazz & Australian Basketball team!

Euroleague Champion!",,15670,147467,438
182,235,Joe Johnson,TheJoeJohnson7,243214305,7 Time NBA All-Star. #HoustonRockets. For appearances and media requests contact @EAGSports 310-301-4274,,426,186298,315
183,237,Joel Freeland,joelfreeland19,3064439620,British - Pro Basketball Player,,60,1191,110
184,238,Joey Dorsey,Joey6Dorsey,1848938888,Play. Player of @FcbBasket,,9,247,56
185,239,Joffrey Lauvergne,1JOLOLO,234811698,Basketball player for @FBBasketbol & Homegrown player from @PARTIZANBC & French national team member üá´üá∑ Instagram : @7JOLOLO,,2899,62295,133
186,240,John Henson,Johnhenson31,198932169,"Cleveland Cavaliers #31 ‚ÄîTampa, FL",,12496,119626,903
187,241,John Jenkins,JohnnyCashVU23,140318601,Former Shooting Guard at @VandyMBB. Blessed for the opportunity to wake up and do what I love everyday.,https://t.co/9XpUOAKG6i,5725,18561,769
188,244,John Wall,JohnWall,132389474,Manager: Ty Williams- Tywillims203@gmail.com,https://t.co/2ul8PK5hXf,25553,1878040,2957
189,246,Jon Leuer,JonLeuer30,38783856,Detroit Piston | Badger4Life | Philippians 4:13,,1660,24767,251
190,247,Jonas Jerebko,JonasJerebko,252238212,NBA player from sweden üá∏üá™                                        https://t.co/FnnIqZMPWA https://t.co/WY2m3oIVe5      @nocco @renegades @sommersetpointe,https://t.co/rZIH5o3NIe,4589,59517,1486
191,248,Jonas Valanciunas,Jvalanciunas,2227318080,Proud Lithuanian #ThisIsJonas,https://t.co/UIQsFwMzCr,260,182884,153
192,248,Jonas Valanciunas,Jvalanciunas,2227318080,Proud Lithuanian #ThisIsJonas,https://t.co/UIQsFwMzCr,260,182884,153
193,249,Jordan Adams,jordanadams1231,238653226,I'm 6'5 and people still think I can't dunk !,,14983,11437,287
194,250,Jordan Clarkson,Jvalanciunas,2227318080,Proud Lithuanian #ThisIsJonas,https://t.co/UIQsFwMzCr,260,182884,153
195,250,Jordan Clarkson,Jvalanciunas,2227318080,Proud Lithuanian #ThisIsJonas,https://t.co/UIQsFwMzCr,260,182884,153
196,251,Jordan Farmar,JrFarmar,353594343,"Father, Husband, Cali Born & Raised...",,38,27755,0
197,252,Jordan Hamilton,J_Goin_HAM,293261997,"Dominguez High School Alum, University of Texas Alum, Professional Basketball Player",https://t.co/0DAQXOjl2t,1857,35003,541
198,255,Jose Calderon,JmCalderon,308973177,"Humildad y Sacrificio-Humility & Sacrifice                            Esposo y 3 veces Pap√°-Husband & 3 times Dad
#NBA Detroit Pistons
Instgrm @jmcalderon8",https://t.co/MzcecbJF1r,5782,514995,335
199,258,JR Smith,DSmittyJr,382967137,I'm Dwight Smith Jr. Outfielder for the Baltimore Orioles. Follow the kid!,,4218,3801,447
200,259,Jrue Holiday,Jrue_Holiday11,309516587,Our greatest fear should not be of failure but of succeeding at things in life that don't really matter.- Francis chan,,3465,136492,555
201,260,Julius Randle,J30_RANDLE,180990505,,,5968,412323,355
202,261,Justin Hamilton,Justin__41,141348806,"Lone peak state champ 08, LSU alum '12 and Professional basketball player",,1721,6253,306
203,262,Justin Holiday,JustHolla7,1318989560,"Everything Happens In God's Time. His Plan Is The Best Plan, And I Am Enjoying How He Is Blessing Me. #GodIsGood... Psalms 23",,5217,26982,383
204,263,Jusuf Nurkic,bosnianbeast27,487962301,Official Twitter profile for Bosnian and Herzegovina National Team and Portland Trail Blazers Center üèÄ#27 #RipCity,,2755,68191,127
205,264,Kalin Lucas,Kjay24k,276661862,Detroit Pistons üèÄ #MSU,,2048,10269,320
206,265,Kawhi Leonard,kawhileonard,2584213500,,,4,231518,6
207,266,Kelly Olynyk,KellyOlynyk,281405595,Hoopin with the Heat via Gonzaga. Just a Canadian kid with big dreams. #BBU Instagram: KellyOlynyk,https://t.co/dswi63iKcI,1531,82167,183
209,267,Kemba Walker,KembaWalker,270689028,https://t.co/NwFD0JwCiq.,https://t.co/uzanXtJTZc,1037,373644,240
210,269,Kendrick Perkins,KembaWalker,270689028,https://t.co/NwFD0JwCiq.,https://t.co/uzanXtJTZc,1037,373644,240
212,270,Kenneth Faried,KennethFaried35,226257592,Allahu Akbar/Takbir   #UnleashTheManimal FOUNDER: #HAT #HUMBLEAPPRECIATIVETHANKFUL & @ManimalElite üëª: Kfmanimal CEO: @infinite8vision #I8V #ALHAMDULILLAH,https://t.co/2E3sii102J,13224,386514,501
213,271,Kent Bazemore,24Bazemore,29356531,2 Corinthians 5:7 #SFT #LIF #IWILL Hawks Guard...,https://t.co/WzXjv8CNr1,908,57449,694
214,272,Kentavious Caldwell-Pope,CaldwellPope,1096007496,The Official Account of LA Lakers SG #1  Kentavious Caldwell-Pope,,291,67035,243
215,273,Kenyon Martin,KenyonMartinSr,493947419,The Official Twitter Account of Kenyon Martin!!!! #ManOfGod #OneOfOne #LoveAndLiveLife,,453,26070,205
216,274,Kevin Durant,KDTrey5,35936474,"IM ME, I DO ME, AND I CHILL. @35ventures @boardroom",,23310,17501550,1439
217,275,Kevin Garnett,KevinGarnett5KG,1234015050,"Official Twitter of the 15 time All-Star, 08 NBA Champ, 04 MVP, 03 Allstar MVP, 08 Defensive Player of the Year and 4x Rebounding Champ. #KGArea21",,327,23664,283
218,276,Kevin Love,kevinlove,217160945,Spread Love https://t.co/3dVR8Ayy1J,,1670,3186250,450
219,278,Kevin Seraphin,french_savage,162041294,#frenchsavage 2.0  üá´üá∑üèÄ Proud member of @FCBbasket and @FRABasketball #FCBBasket #for√ßabar√ßa #TeamFranceBasket #EDFBasket Snapchat: kslife89,https://t.co/lX3x4f3K8K,7307,90263,10438
220,279,Khris Middleton,Khris22m,58667088,Instagram: K_MID22,,2779,39814,316
221,280,Kirk Hinrich,kirkhinrich_12,1306028558,Floor General. Captain. All Star snub. I am Kirk Hinrich,http://t.co/xrdjimVpDq,17,21,2
222,281,KJ McDaniels,KJMcDaniels,78221966,#32NATION,,3992,24931,1750
223,282,Klay Thompson,KlayThompson,1703636814,"Shooting guard, Golden State Warriors",,557,1256986,256
224,283,Kobe Bryant,kobebryant,1059194370,"Granity Studios - CEO, Writer, Producer",https://t.co/usJHBHZXu8,1691,14204285,478
225,284,Kosta Koufos,kostakoufos,220255322,"Official Twitter page of Kosta Koufos (2K, K2)",https://t.co/vYEZ4R1YQm,708,28110,225
226,286,Kris Humphries,KrisHumphries,66492624,"If it was easy, everyone would do it.",,1908,759420,141
227,287,Kyle Anderson,KyleAnderson5,86651903,New Jersey / UCLA / Memphis Grizzlies,,55839,52196,2087
228,288,Kyle Korver,KyleKorver,47635525,"Born in Orange County, raised in Iowa. Play for the Utah Jazz. We're blessed to be a blessing.",,2627,245098,200
229,289,Kyle Lowry,Klow7,28066436,A man who plays basketball,,7163,800612,328
230,290,Kyle O'Quinn,Kyle_Oquinn,1364408940,Blessed. #FSTF,https://t.co/1TNmqs7kIW,3041,31434,529
231,291,Kyle Singler,KyleSingler,131971922,"Life Shapes Feels 
@obradoirocab
üìçSantiago",,1586,58251,299
232,292,Kyrie Irving,KyrieIrving,317370751,Fear is not real.,https://t.co/QKs7QGAngA,3961,4313452,821
233,293,LaMarcus Aldridge,aldridge_12,248829112,Pro-Basketball Player. Instagram- Aldridge_121,,3429,764218,160
234,294,Lance Stephenson,StephensonLance,372618047,"The Official Lance Stephenson 
Professional Basketball Player for the Lake show",https://t.co/My4SAYP8Na,3819,244474,492
235,295,Lance Thomas,MrLance42,807773480821395456,Forward for the New York Knicks #42 #TrustYourWork | PR contact: ali@alioop.co,https://t.co/bK1vGG5JnA,92,5833,580
236,296,Landry Fields,landryfields,132955370,,,6749,148227,355
237,297,Langston Galloway,LangGalloway10,263465785,"Favor Aint Fair But It Feels So Good!!! Mr. Undrafted, Entrepreneur, Proud Father, Family Over Everything!",https://t.co/fbRsJQp4Sv,8486,24359,1328
238,299,Larry Sanders,l8show_thegoat,160574703,Bad things happen to good people so that they can become great people..-L8show. #TGED Thank God Every Day #8 Insta: thereal_larrysanders Snapchat: NappyG COM‚Ñ¢,https://t.co/Ly9e2Q3yX6,10426,34600,3572
239,300,Lavoy Allen,chefVOYardee,28106585,,,6453,18437,708
240,301,Leandro Barbosa,TheBlurBarbosa,247901736,The Brazilian Blur!! Download now #Blurbosa #blurapp Apple Store: https://t.co/VCmSPFsGZ9 Google Play: https://t.co/vtsHk9PHlS,https://t.co/of2Ij4Koah,6219,207089,799
241,302,LeBron James,KingJames,23083404,EST. AKRON - ST.V/M Class of '03  http://t.co/IneJylUd1m #IPROMISE,http://t.co/TuET0GeB2Z,6349,42529528,184
242,303,Lester Hudson,Lester26Hudson,152377216,Nothing is given .. you have to go out and Get it  #teamhudson,http://t.co/jE3rn9vBGC,2908,11432,2271
243,304,Lorenzo Brown,Zo_Brown,3027199236,My journey! @NCState Professional basketball player. #blessed #RA√çRE,https://t.co/OygT89KYRg,702,4630,138
244,305,Lou Amundson,LouAmundson17,548623626,"Professional basketball player for the ______________, and regional Scrabble champion.",,192,7898,67
245,306,Lou Williams,TeamLou23,62203990,,https://t.co/PrH5BAlX22,22653,196424,894
246,307,Luc Mbah a Moute,mbahamoute,103642293,"NBA Player | L.A. Clippers 
contact:raoulkeddy@aaccommerce.com",https://t.co/RvpGnmBVOc,2316,54401,328
247,308,Lucas Nogueira,Bebe92,180032892,Toronto Raptors Center #92,,4086,20799,25
248,309,Luis Scola,LScola4,117618450,,,1758,430833,94
249,310,Luke Babbitt,RealBabbitt08,992165226,I shoot basketballs for a living.,http://t.co/26ErCngZV6,44,328,20
250,312,Luol Deng,LuolDeng9,162749920,"Official page of Minnesota Timberwolves, Luol Deng. Follow my foundation @LDengF & my camp @DengCamp and help me make a difference",https://t.co/euaiehJ2xY,2696,387836,311
251,314,Manu Ginobili,manuginobili,24342206,Era el 20 de los Spurs y el 5 de Argentina. Ahora soy jubilado en mis cuarenta...,http://t.co/jVrnVhGQzV,6035,4882002,93
252,315,Marc Gasol,MarcGasol,24423418,Thalassophile,https://t.co/pyp09jtaLS,1094,1215487,993
253,316,Marcin Gortat,Mgortat,95649322,"PolandFinest üòÇ Living by the code, love haters!They r like a fuel to my life. Military addict ! Jet ski freak... !",https://t.co/3zslDvn3ZJ,14786,148534,290
254,317,Marco Belinelli,marcobelinelli,88890284,NBA Player -San Antonio spurs- IG @mbeli21 Fb: Marco-Belinelli-the-real Contact: elisaguarnieri (at) hubcomm (dot) net / umbertobelinelli (at) yahoo (dot) it,https://t.co/JaK8m09HR8,6924,611099,462
255,318,Marcus Morris,MookMorris2,143203547,Turned nothing into something!,,3481,121803,621
256,319,Marcus Smart,smart_MS3,543954514,Strength does not come from physical capacity. It comes from an indomitable will.,,2578,198669,958
257,320,Marcus Thornton,OfficialMT23,261310317,Carpe Diem Instagram:MThornton10,,7357,43115,231
258,321,Mario Chalmers,mchalmers15,57558113,"Being a father is my pride & joy, & playing basketball is my dream coming true...
Hungry, humble & grateful.
God is good.
907 AK",https://t.co/yoGE4cErHa,6742,962420,473
259,322,Markel Brown,iMarkelBrown22,166884162,Drafted by the Brooklyn Nets Instagram: imarkelbrown22.  Houston Rockets üöÄ,https://t.co/8kufeW6pFE,13549,16272,312
260,323,Markieff Morris,Keefmorris,167821244,#PhillyMade #TeamFOE,,3320,60056,608
261,324,Marreese Speights,Mospeights16,231550159,"Gators ALUM 07 CHAMPS 
#TMS
2015 NBA champion GSWarriors 
#blessed
@q4tmselite
Head coach of my 17u team üî•üôèüíØüèÄüôèüôè",https://t.co/qu86iZC12L,16753,271586,2141
262,327,Mason Plumlee,masonplumlee,190059955,https://t.co/OrwssgS88m,https://t.co/iyCD9LTQG2,1384,86477,37
263,328,Matt Barnes,Matt_Barnes22,114836738,My kids are my life!,https://t.co/R8vPKcOzaH,8772,532575,1690
264,329,Matt Bonner,mattbonner_15,817130399507841024,"Curling enthusiast. Spurs TV Analyst. AKA Red Mamba, Red Rocket, The Sandwich Hunter",https://t.co/qv9dXeokb0,1508,32963,258
265,330,Matthew Dellavedova,matthewdelly,188621689,"Snap: @matthewdelly Instagram: @matthewdelly Maryborough, Victoria, AUS",https://t.co/gQrVVU3z5Z,2790,189018,960
266,331,Maurice Harkless,moe_harkless,64307053,Queens made me,,74,44501,557
267,332,Meyers Leonard,MeyersLeonard11,76205861,Trail Blazer. Basketball is what I do. It's not who I am. Proud husband of @MrsElleLeonard Lifestyle @MLBrand11 üéÆ https://t.co/jbxVd3V3i7,https://t.co/KluTGJ7pMk,8010,113860,338
268,334,Michael Carter-Williams,MCW1,155782494,"Philippians 4:13 Former Syracuse Orangeman, Orlando Magic",,12474,136737,441
269,335,Michael Kidd-Gilchrist,MKG14,195450194,BeABlessing !!  Instagram: @MKG14,,4860,331116,272
270,336,Mike Conley,mconley11,59297233,Husband & father. O-H! & #GNG. PG for the Memphis Grizzlies marketing@waterhousehayes.com,https://t.co/XBmTPZGkNo,4086,491941,283
271,338,Mike Miller,MikeMiller_13,25113646,#LetItFly | 2x NBA Champ | NBA Rookie of the Year | NBA 6th Man of the Year | Assistant Basketball Coach for the Memphis Tigers,https://t.co/xf0cjV0uwk,2446,444586,268
272,339,Mike Muscala,mikemuscala,758452400,The official twitter account of Mike Muscala. Philadelphia 76ers. Cada d√≠a es un regalo. #1s2B. SC: mikejawz,,2646,14796,387
273,340,Mike Scott,mikescott,150367583,| instagram @mikescottva | Sixers,,18372,29664,377
274,342,Miroslav Raduljica,mraduljica,2511364332,#13 for National Team of Serbia,,250,38850,165
275,343,Mirza Teletovic,Teletovic33,1612394348,NBA player... Jablanicanin u dusi ‚ù§Ô∏è,,955,107875,559
276,345,Mo Williams,mowilliams,54575503,Cal State Northridge assistant mens basketball coach,,7815,178004,879
277,346,Monta Ellis,Real_MontaEllis,303553973,"My name is Monta, Basketball is life. follow me and my buddy @Miskelly23",,2,1144,8
278,347,Nate Robinson,nate_robinson,25629334,3-time @NBA Slam Dunk Champion #holdat,https://t.co/dnf95h5ByM,15270,980789,1839
279,348,Nate Wolters,NateWolters,255348486,"pro basketball player, Minnesota native, South Dakota state alum",,1558,22238,665
280,349,Nazr Mohammed,NazrMohammed,25235080,"18 year NBA Veteran. Starting center on 2005 NBA Championship Spurs, 2 time NCAA Champion at UK(96 & 98) I'm blessed, good, and lucky. 
Instagram: @NazrMohammed",https://t.co/pS3VNs1Sfo,14962,90065,706
281,350,Nene,NeneHilario42,2841545944,"Man of God, Proud Father of 3 Handsome Boys & Professional Athlete.",https://t.co/SZFQ7WwH5o,391,54388,236
282,351,Nerlens Noel,Viiberson,2605957470,An artist but y‚Äôall only love me for my retweet‚Äôs,https://t.co/BilCoHQVco,9051,16399,867
283,352,Nick Calathes,Nick_Calathes15,143063120,,,2788,32260,436
284,353,Nick Collison,nickcollison4,41751665,"Nick Collison, OKC Thunder",http://t.co/W4uKdafQ6r,1264,148094,151
285,354,Nick Johnson,iamnjohn13,78657009,Former University of Arizona all american guard! Current NBA player. Chasing my dreams,https://t.co/PtelW1t2uM,8329,52329,483
286,355,Nick Young,NickSwagyPYoung,2242915207,,https://t.co/OUh6UsH7Dv,5393,475347,345
287,356,Nicolas Batum,nicolas88batum,164326175,#5 @hornets - Jordan athlete @jumpman23,https://t.co/sHOJ89BVir,8548,1024064,661
288,357,Nik Stauskas,NStauskas11,348257918,"When you master your mind, you master your life. Cleveland Cavaliers SG",,8821,116047,500
289,358,Nikola Mirotic,threekola,473227811,GET UP. GET BETTER. EVERYDAY. https://t.co/AACcbHjLBi,https://t.co/EzcEECH5o4,1708,201793,211
290,360,Nikola Vucevic,NikolaVucevic,2423100775,Center for the Orlando Magic #9 For inquiries : Jyaeger@bdasports.com,,1489,76138,319
291,361,Noah Vonleh,NoahVonleh,1144210387,,https://t.co/KACWrYheB6,3,28283,347
292,362,Norris Cole,pg30_Cole,333102754,"2 x NBA World Champion from Dayton, OH -Cleveland State Alumni -Dayton Dunbar #937 #ColeBlooded30‚Ñ¢ - SnapChat: ColeBlooded30",https://t.co/gAmSrFPFV5,2703,296261,585
293,363,O.J. Mayo,ojmayogrizz,41619979,"The official twitter page of Oj Mayo, life in the NBA is great!",,3,1316,0
294,365,Omer Asik,AsikOmer,393222035,asikomer33@gmail.com,,1,44795,49
295,366,Omri Casspi,Casspi18,166304850,Offical twitter account of Omri Casspi.,,2660,86624,155
296,367,Otto Porter Jr.,OttoPorter,628179167,Hoya 4 life.,,691,2230,46
297,368,Pablo Prigioni,PPrigioni9,720637111,Ex jugador profesional de Basketball. In  transition to Coach. Esposo y padre de dos hijos.,,1280,125790,244
298,369,Patrick Beverley,patbev21,92337777,Mr. 94 Feet,https://t.co/HlSsyjg80Q,9417,159384,245
299,371,Patrick Patterson,pdpatt,55749605,University of Kentucky - NBA. (Instagram pdpatt) Closer to My Dreams. #ThunderUp #ManCity #Ravens,,11416,196303,695
300,372,Patty Mills,Patty_Mills,48176112,Mother -Aboriginal| Father -Thursday Island| Grandfather -Naghir Island| Grandmother -Murray Island| Me -A very proud Aboriginal and Torres Strait Islander,https://t.co/PM71lW5xev,16396,407303,782
301,373,Pau Gasol,paugasol,163559269,"Barcelona, Memphis, Los Angeles, Chicago, San Antonio, Milwaukee... And Twitter!! https://t.co/Ufq0n4oC9f",,12938,7422789,334
302,374,Paul George,Yg_Trece,53643297,Don't tell me the sky is the limit when there are footprints on the moon! #PACKGANG #TRECE,,16954,2082371,559
303,375,Paul Millsap,Paulmillsap4,1009296320,The official twitter page of Paul Millsap #4. Follow me on Instagram @paulmillsap4,https://t.co/kNeBzTWTpb,526,66439,466
304,376,Paul Pierce,paulpierce34,27115071,The one and only Truth,https://t.co/u8AJKGpdJC,1632,4245460,212
305,377,Pero Antic,antic12pero,118359898,Ex Captain of Macedonian Basketball Team.. NBA Player.. 3 time Euroleague Champion.. Red Star PLAYER.. #12,,487,148145,260
306,378,Perry Jones III,Perry_Jones1,195236021,"For I know the plans I have for you, declares the lord, plans to prosper you and not to harm you, plans to give you hope and a future. (Jeremiah 29:11 NIV)",https://t.co/iMGvifqKQG,3798,49399,761
307,379,Phil Pressey,philpressey,171268106,"I ball 
I golf
I fish 
Etc.",http://t.co/C7WCjbkGmL,4710,28139,621
308,380,PJ Hairston,hairston_pj,3350803857,Official Twitter for PJ Hairston. Professional Athlete.,,116,3141,127
309,382,Quincy Acy,QuincyAcy,30245853,-God Fearing Husband & Father of 2 -  37th Pick in the 2012 NBA Draft Dallas Cowboys Baylor Bears Straight Outta Texas!!!!,https://t.co/TnHQgOGzNP,15863,35677,359
310,383,Quincy Miller,qmillertime,64949907,,,27345,48153,572
311,384,Quincy Pondexter,QuincyPondexter,35675192,Fresno native ~ UW Alum ~ San Antonio Spurs,,3566,71264,777
312,385,Rajon Rondo,RajonRondo,150846769,,http://t.co/bUEHRHKYhZ,1075,1716097,99
313,386,Ramon Sessions,RamonsSessions,2790308794,,,4,35,5
314,387,Randy Foye,randyfoye,22832825,11-Years in NBA | Villanova Wildcats | Community Activist: Randy Foye Foundation | SUBSCRIBE to OUTSIDE SHOT: https://t.co/x9aFBQtZU7,https://t.co/J196tjkZHK,1379,78475,514
315,388,Rasual Butler,RasualButler45,26445954,Kingdom Kid period! Loving Life Living A Dream Contact @identityink for business Thanks,,11397,68697,740
316,389,Ray McCallum,RayMac3,45236541,,,2215,19734,432
317,390,Raymond Felton,RFeltonGBMS,904369669,#GBMS=God Bless My Success. OKC Thunder Point Guard. Big Brother Big Sister Ambassador. Tar Heel for Life. Under Armour Basketball. #IWILL,,725,89523,469
318,391,Reggie Bullock,ReggieBullock35,91225009,#BROTHERHOOD #RIPMIA MIA HENDERSON Pro Basketball Player #godgiventalent #SO252,,15594,95514,1186
319,392,Reggie Evans,ReggieEvans30,68208905,never depend on nobody but myself.,https://t.co/GHrUZJLiqw,12575,59081,303
320,393,Reggie Jackson,Reggie_Jackson,266819783,Just a kid chasing a dream,,5076,110650,293
321,395,Richard Jefferson,Rjeff24,1095095294033829888,Proud 1x Olympic bronze medalist üòÇ,https://t.co/tOqOseDfjt,79,15691,1
322,396,Ricky Ledo,REALRICKLEDO1,153133853,6'7 SG .....RIP UNCLE MIKE flamer #Dreamchaser #MONEYTEAM.... Instagram: realrickledo1,,19410,13408,658
323,397,Ricky Rubio,rickyrubio9,31451582,üåπ,https://t.co/98QIUoGjRM,3639,2968509,267
324,398,Robbie Hummel,RobbieHummel,270092982,Valpo High School and Purdue Alum. Retired professional basketball player. College basketball analyst for Big Ten Network and ESPN.   Instagram: robbiehummel,,6387,38779,405
325,399,Robert Covington,Holla_At_Rob33,233810051,Living out my dreams and never settling for anything less. #ATF #33,,11752,82027,702
326,400,Robert Sacre,Bobby_Sacre,1912945640,Water the bamboo,,966,30565,173
327,401,Robin Lopez,rolopez42,48028402,The Screech Powers of the NBA...,https://t.co/FAHqsOW74L,1628,140882,618
328,402,Rodney Hood,rodneyhood,4837832648,Portland Trailblazers #ripcity,,105,45814,724
329,403,Rodney Stuckey,StuckeyRodney,1320862495,Official Twitter Of Rodney Stuckey,http://t.co/HCt6eFQrYb,8,20,10
330,405,Ronny Turiaf,Ronny_Turiaf,135773677,Following MY HEART...,,10567,75610,1862
331,406,Roy Hibbert,Roy_Meets_World,48203492,Working to become the best.,https://t.co/Jk1CozH5Cd,8087,388625,842
332,407,Rudy Gay,RudyGay,37367041,Baltimore Native UCONN,,5232,1268405,560
333,408,Rudy Gobert,rudygobert27,609548724,Utah Jazz,https://t.co/rN734eD9VL,4510,372603,340
334,410,Russell Westbrook,russwest44,35982046,WHY NOT ?,https://t.co/AuFqEZ4r4m,5813,6012121,706
335,411,Ryan Anderson,M12terAnderson,1340586985,Professional basketball player... Boston College/ University of Arizona Alumni,,2598,4447,403
336,412,Ryan Hollins,TheRyanHollins,456318344,üèÜ Tv & Radio Talent üìöUCLA 06' üèÄ10 years at the NBA üëÄ Watch me: @firsttake @yahoosportsnba @laclippers üôè Husband | Baptized https://t.co/KnDQJiGh61,https://t.co/5gGl5zNKBa,14221,27228,13396
337,413,Ryan Kelly,RyanKelly34,37491129,Believer-Husband-Dad-Basketball Player,,2718,73510,407
338,414,Samuel Dalembert,SamDalembert,1684087368,Center for the Dallas Mavs,,34,6054,57
339,415,Sean Kilpatrick,SeanKilpatrick,204079463,Motivation For The Overlooked Ones Chasing Their Dreams! #UNDRAFTED,https://t.co/hQ9UrXG88W,40005,36487,933
340,416,Sebastian Telfair,BassyS31T,419230491,üèÄ10yrs Nba now it‚Äôs the #take2 üé§music available on iTunes - 9Ô∏è‚É£9Ô∏è‚É£MOVES IG @PICOFMEROLLING,https://t.co/gpxhVeBGtv,1619,35454,1143
341,417,Serge Ibaka,sergeibaka,80480330,dieu merci. #avecClasse Snap: sergeibaka IG: sergeibaka,https://t.co/z9BIfuEfyR,6895,845026,187
342,418,Sergey Karasev,Skgetbuckets,3192521511,basketball player of Brooklyn Nets,,331,2171,260
343,419,Seth Curry,sdotcurry,39676694,Living life one day at a time! #GodsWorkNotMine,https://t.co/Y4xfdEvXzY,5546,276619,410
344,420,Shabazz Muhammad,ShabazzMuhammad,92818443,Instagram:@bazz   Snapchat: shabazz,,4261,71965,276
345,421,Shabazz Napier,ShabazzNapier,2577244423,H I U,,117,61478,49
346,422,Shane Larkin,ShaneLarkin_3,234176467,"Just living in a world I always dreamed of.

Former Miami Hurricane ACC Champion 

Luke 12:48: 
To whom much is given, much is required

IG: @ShaneLarkin_0",,8015,47914,509
347,423,Shannon Brown,ShannonBrown,1073433794244427777,Back to Back 2x NBA Champion - Big 3 2019,,0,82,0
348,424,Shaun Livingston,ShaunLivingston,1601532284,CHAMPION. Instagram: sdot1414,https://t.co/gmaHW0JIrm,1243,286346,132
349,426,Shawn Marion,matrix31,29341990,"Shawn Marion a.k.a &quot;Matrix 31&quot; tricks are not just for kids
Insta-@matrix31,snap-trix31",https://t.co/bx2kIF16nz,15459,518011,1064
350,427,Shawne Williams,ShawneWill4,891052748090650624,,,11,624,15
351,428,Shayne Whittington,Whittington21,2244387744,Former WMU Bronco. Professional Basketball Player. Married to @Danniiilynn Father to two beautiful little Angels #AKW #GMW,,7107,3964,1016
352,429,Shelvin Mack,ShelvinMack,133881972,"Product of Lexington, KY. Forever a Butler Bulldog. NBA Player.   Business Inquiries: info@ShelvinMack.com",https://t.co/FERAz4TdIL,8891,25658,645
353,430,Sim Bhullar,SimBhullar2,868358028,,https://t.co/sZnEyQONg7,1004,12599,475
354,431,Solomon Hill,solohill,37922674,,,485,27839,227
355,432,Spencer Dinwiddie,SDinwiddie_25,368148234,K8IROS,https://t.co/5YyXDjrIEo,29530,48734,707
356,433,Spencer Hawes,spencerhawes00,246106352,,https://t.co/cRRwaL23K2,5583,51424,847
357,434,Stephen Curry,StephenCurry30,42562446,"Believer. Husband to @ayeshacurry, father to Riley, Ryan and Canon, son, brother. Golden State Warriors guard. Davidson Wildcat.  Philippians 4:13 #IWILL",https://t.co/aAf7vrAUG5,7099,13282922,752
358,435,Steve Blake,SteveBlake5,164404575,"Christian, husband, father of 3 boys. Maryland Terrapins and retired NBA player. Check out my facebook page: https://t.co/RLmtdSgVT6",,548,156048,207
359,436,Steve Novak,stevenovak16,165953518,"Rocket, Clipper, Mav, Spur, Knick, Raptor, Jazz, Thunder, Milwaukee Buck, Marquette Golden Eagle & Brown Deer Falcon - @Bucks Broadcaster",,1206,132031,520
360,437,Steven Adams,RealStevenAdams,1253284927,"To live is to risk it all. Otherwise, you're just an inert chunk of randomly assembled molecules drifting wherever the universe blows you -Rick",,1467,207459,375
361,438,Taj Gibson,TajGibson22,73058561,Fort Greene Projects Brooklyn born and raised former USC trojan now Living a dream Playing in the NBA Truly Blessed,,2259,346437,361
362,439,Tarik Black,TarikBlack25,1880859157,"Memphis, Tenn. native. Love my city. Jesus is my Lord and Savior. Everyday is a blessing because its another day to Glorify God. Amen",,4083,31371,189
363,440,Tayshaun Prince,harrison_m_c,241358536,"Backwoods Only, Gemini Gang ‚ôäÔ∏è, BORICUA üáµüá∑, Im on that grind, So either keep up or keep out my way.",,2855,294,276
364,441,Terrence Jones,TerrenceJones1,82775356,Forward from the University of Kentucky - and now with the @HoustonRockets üöÄ,,2564,197657,2496
365,442,Terrence Ross,TFlight31,231335961,Orlando Magic Guard/Forward. Livin the dream... Ig: 3tross1,,3372,194362,1333
366,443,Thabo Sefolosha,ThaboSefolosha,25252511,Proud father of 2 üëºüèΩ and husband of a üë∏üèΩ Every other night I play üèÄ for the Utah Jazz,https://t.co/dJKVzmYpui,1063,171733,257
367,444,Thaddeus Young,yungsmoove21,54780126,Focused on Achieving Greatness through hard work and dedication! @teamthad21 #Pacers #familyfirst,https://t.co/QV2AedwZOC,7461,58324,692
368,445,Thomas Robinson,Trobinson0,64643728,I use my GOD GIVEN TALENTS 2 feed my fam Ig : trobinson_foe / Follow @foeclothingoffical : JUST MAKING A WAY FOR THE ONES WHO WERE DOUBTED!,,13358,117681,604
369,446,Tiago Splitter,tiagosplitter,119135103,‚õπüèº‚Äç‚ôÇÔ∏èüëÄ@brooklynnets Scout üèÄ@nba Champion üí°Entrepreneur üáßüá∑Brazilian Olympian,,4424,216202,687
370,447,Tim Duncan,SpursTimDuncan,1373472306,Retired guy. Putting the FUN in Fundamental. (Obviously not),https://t.co/A8KZy0daPI,1039,2091,6
371,448,Tim Frazier,Timfraz23,93981862,Never Stop Working!!! Professional basketball player. Instagram- timfraz23,,7192,15020,401
372,449,Tim Hardaway Jr.,T_HardJR,233990070,WWJD / PPW/ IG-TimmyJr10/Maize&Blue,https://t.co/K9ZOOIPlHF,1913,140631,532
373,451,TJ Warren,TonyWarrenJr,289141917,"NC State-Phoenix Suns, In a gym near you. RiP GF!",,4925,43446,104
374,452,Tobias Harris,tobias31,25015718,@Sixers Forward. @Vol_Hoops alumni. Just walking in the path the Lord has laid out for me‚Ä¶,https://t.co/M2jns3dGPq,24242,144713,678
376,453,Toney Douglas,TWroten_LOE,327368956,,,14706,43761,96
377,454,Tony Allen,aa000G9,262172582,From Chicago. Former Oklahoma State star. 2008 NBA Champion.,,31165,260042,1866
378,455,Tony Parker,tonyparker,79758113,Twitter officiel de Tony Parker,https://t.co/OS6S7Jed28,2474,2166784,145
379,456,Tony Snell,TonySnell21,808469567286759425,,,0,0,3
381,457,Tony Wroten,TWroten_LOE,327368956,,,14706,43761,96
382,458,Toure' Murry,toure_murry,542851794,#shocker4life..Wichita State Shocker 2008-2012. #Houston,https://t.co/kdZjKbR6yi,2166,9349,332
383,459,Travis Wear,traviswear,403144315,official twitter page of Travis Wear foward for LA Lakers,,111,3938,79
384,460,Trevor Ariza,TrevorAriza,69500255,"Tajh, Tristan and Taylor's Dad",,2656,76799,455
385,461,Trevor Booker,35_Fitz,26132246,"Entrepreneur, NBA",https://t.co/u68mRYnQDL,6973,39807,386
386,462,Trey Burke,TreyBurke,334150573,Midwest,,2426,173775,495
387,463,Tristan Thompson,RealTristan13,66816759,Cleveland Cavaliers.. University of Texas Alumni.. LaFamilia,,5875,666704,426
388,464,Troy Daniels,troydaniels,57698629,SG for Phoenix @Suns Proud @VCUAthletics alum For media/business inquiries: @laurenrenschler,https://t.co/HpFC6FuK2x,7702,25604,975
389,465,Ty Lawson,TyLawson3,47218790,DMV ‚úàÔ∏è NC. sac-town PG. UNCL brand ambassador.,,9743,456953,547
390,466,Tyler Ennis,TylerEnnis,77115378,,,8327,67798,790
391,467,Tyler Hansbrough,THANS50,30512893,From the Bluff. Tarheel,https://t.co/NufXxcPnE8,179,76871,39
392,468,Tyler Johnson,RealTJohnson,2645857315,"Official Twitter of Tyler Johnson, #8 Miami Heat.  Young Kid trying to Live the Dream!!",http://t.co/THuD1nAlPR,269,23042,84
393,469,Tyler Zeller,ZellerTyler,549582941,God is first then family and basketball and then everything else. #priorities,,121,49406,26
394,470,Tyreke Evans,TyrekeEvans,419116136,,,1744,190762,200
395,471,Tyrus Thomas,TyrusThomas4MVP,538520677,Official twitter page of the 2012 MVP race representing Charlotte Bobcat forward Tyrus Thomas.,,32,31,212
396,472,Tyson Chandler,tysonchandler,17980124,"Center for the Los Angeles Lakers  , Proud member of Team USA Basketball. https://t.co/bqTnqiMygw https://t.co/bGqtemR5Wp",https://t.co/1cVrr86Jkb,2356,819949,117
397,473,Udonis Haslem,ThisIsUD,388014562,Family FIRST,https://t.co/IXPr7MdccC,498,408968,556
398,474,Vander Blue,xvblue12,291497363,"I just like hooping, chilling, acting, and traveling. Let‚Äôs hop on a plane and go.",https://t.co/ExIcEpMcHu,13022,7283,1062
399,475,Victor Claver,Victor_Claver,51625402,üÉèSer valiente no es solo cuesti√≥n de suerte,https://t.co/hfl3y3pABo,3369,110298,409
400,476,Victor Oladipo,VicOladipo,87874905,"Stay Hungry, Stay Focused, Stay Humble.
Inquiries ‚úâÔ∏è vicoladipo@7x.media",https://t.co/VAKJxLHNX8,3627,283855,587
401,477,Vince Carter,mrvincecarter15,162869667,"VINCE CARTER......Think Before You Act!!!!

https://t.co/oirxE5wQae
https://t.co/SBzaKpG1Mq",,12700,965474,1690
402,478,Wayne Ellington,WayneElli22,372439064,Tar Heel for life/National Champion/ #makeitwayne/#PowerOfWE /R.I.P Pops /IG: Wayne_Elli /Guard for Detroit Pistons,,1942,50648,283
403,479,Wesley Johnson,Wes_D_Johnson,401019575,Basketball- Joshua 1:9,https://t.co/GyKdZmGHkX,7849,719,127
404,480,Wesley Matthews,WessyWes23,232049361,Trying to make my family proud and keep my head above water,,6495,267643,221
405,481,Will Barton,WillTheThrillB5,529603839,#PTF,https://t.co/YEZp56JWi5,10277,43005,332
406,482,Will Bynum,12Thrill,350594293,I don't just love the game...I live it! Founder of ReachITeach!Foundation @reachpayforward,,378,2965,143
407,483,Will Cherry,willcherry5,296502129,All it takes is 1....they scream out my failures and whisper my accomplishments. Instagram: will__cherry,,7959,3378,367
408,484,Willie Green,mikefasano01,307610518,You're only as good as your last bet,,2331,261,330
409,485,Wilson Chandler,wilsonchandler,180188862,,,197,153943,1103
410,486,Xavier Henry,XavierHenry,1833657181,#Jayhawks,https://t.co/AlgGnGB3i3,2524,62595,339
411,487,Zach LaVine,ZachLaVine,405205681,#BullsNation üèÄ,https://t.co/yTIt1zNkpz,3260,289853,170
412,488,Zach Randolph,MacBo50,205413225,The Official Twitter page for Zach Randolph of the Sacramento Kings. 2010 & 2013 NBA All-Star Player.,https://t.co/aSMDvPaGFU,514,191506,421
413,489,Zaza Pachulia,zaza27,29360150,Instagram @zazapachulia,https://t.co/16ZjOFU7sP,2826,144426,233
414,490,Zoran Dragic,zoran_dragic,473765883,Professional Basketball player for . IG:zoki_dragic,https://t.co/8mc55mnvE5,1152,57605,353