Postid,Userid,Time,Caption,Likes,Comments
1,10733526,2019-04-21 23:13:57,Well done. On to the next challenge. Go Celtics! #risetogether,21750,214
2,300139600,2019-04-22 02:56:56,Somewhere in Barcelona,1691,16
3,8174195,2019-04-22 05:01:22,#farouqisonfireğŸ”¥ğŸ”¥ğŸ”¥ #str8up #riprip,6272,162
4,218386695,2019-04-21 21:21:15,Round 1 âœ… #risetogether,13109,122
5,29874123,2019-04-21 18:41:19,Happy Easter ğŸ°ğŸ‡ğŸ£ Daddyâ€™s Princess.... (That pose though) LoL ğŸ˜‚,1961,18
6,180962639,2019-04-22 00:30:49,Now you get the picture!,19460,120
7,260910139,2019-04-22 09:40:18,"You see the light ğŸ’¡ ?
Me dodging all the negative vibes..
â€Bulls#%*â€¼ï¸â€
#MotivationalMonday",899,32
8,21707908,2019-04-21 19:18:23,Never Would i have thought in a million years! He went vegan now heâ€™s a bully!,25352,213
9,190420048,2019-04-22 14:28:49,ğŸ™ğŸ½ see you soon #ripcity,37630,351
10,7413397,2019-04-22 02:51:24,"#Repost @iamlaurenmiles with @get_repost
ãƒ»ãƒ»ãƒ»
Happy Resurrection Sunday! âœï¸ğŸŒŸ",2662,15
11,259244842,2019-04-22 03:49:05,#HappyEaster ğŸ£ğŸ°,12848,140
12,2162452000,2019-04-22 04:45:12,â€ªDEFENSE ğŸ”‘ â€¬,12770,243
13,2162452000,2019-04-21 23:06:05,#RipCity ğŸ”’,12059,133
14,2162452000,2019-04-21 17:51:16,â€ªGame Day ğŸ€ â€¬,11746,127
15,596326439,2019-04-21 20:12:10,Game 3 W,8456,52
16,46714935,2019-04-22 04:32:08,Happy Easter! ğŸ°,3670,66
17,25766171,2019-04-21 22:47:33,ğŸ˜ˆjump hook him !!! #lovethisgame,2329,26
18,17434027,2019-04-21 21:23:43,That's how we do it! On to the next! #ItsAboutToBeCrazy,109367,1057
19,253586353,2019-04-22 14:55:33,"Work like God can do nothing, believe like God can do anything.",4470,6
20,16077306,2019-04-22 00:10:13,"Â¡Gracias Mexico! ğŸ‡²ğŸ‡½ğŸ€ğŸ”¥ â €â €â €â €â €â €â €â €â €
Unos dÃ­as increÃ­bles, donde pude conocer la cultura mexicana y compartir con su gente. Se vienen grandes proyectos, asÃ­ que seguimos trabajando!

#TeamVasquez",1655,11
21,15932476,2019-04-22 03:38:18,"Happy Easter! Restore the love, oh purest love. This picture is just perfect. Seriously made my day ğŸ° #neverwouldhavemadeit",88489,191
22,277152432,2019-04-21 21:47:14,"Save the Greens! Small acts can make a big difference! Each time you use #NBAGreen from now until #EarthDay, the @NBA will plant a tree with @arborday ! Get the latest eco-friendly tips at green.nba.com #WeGiveYouLife #Literally #NBAGreens",3344,43
23,19865557,2019-04-22 16:00:17,"â€œThe death of your stress, and the birth of your next.. what a beautiful crisis. â€œ",1630,24
24,4229905370,2019-04-22 01:26:01,The flu ? Yeah that's gone,3390,48
25,12008960,2019-04-21 18:22:12,All about our business! #RunAsOne #UnleashTheManimal,5466,48
26,3875475479,2019-04-21 18:27:03,I was low key dying ğŸ¤£ğŸ¤£ #reptiles #snake #godhelpme,747,13
27,965894080,2019-04-22 04:01:09,,678,7
28,19410587,2019-04-22 17:35:51,YesSir we BACK!! Get your ğŸ¿ ready. #TheShopHBOğŸ’ˆMay.4th @ 10pm @uninterrupted @hbo @springhillent,515146,3285
29,306376801,2019-04-21 20:25:10,I am very proud of my brother Roger congrats for this big win! ğŸ’ªğŸ¾ğŸ”¥ #mbahamoute #AfricanPrinces,1393,15
30,24761723,2019-04-21 23:05:15,"Smh, very heart breaking and sad. My prayers are with everyone impacted by this. One love â¤ï¸. #Repost @chakabars 
Sri Lanka ğŸ‡±ğŸ‡° I am so sad ğŸ˜­ itâ€™s over 200 dead now ğŸ’” #srilanka",5913,134
31,11167478,2019-04-22 02:53:34,Happy Easter baby girl. I miss you already! God be the glory.,3297,35
32,1552384556,2019-04-22 15:11:51,Game day ğŸ€ğŸ€ğŸ€,5794,32
33,189737007,2019-04-22 02:09:20,"From Detroit....Happy Easter to everyone!! ğŸ£ğŸ˜˜ #SpanishFamily 
Desde Michigan... felices pascuas a tod@s!!! ğŸ£ğŸ˜œ #LaFamilia",31962,82
34,191871035,2019-04-21 21:18:48,We just having fun #LoveLife,62556,254
35,22787262,2019-04-21 18:06:26,"ğŸ¯ğŸ¯
#NBAPlayoffs2019",5057,44
